{
  "slug": "ad-creative",
  "title": "Ad Creative & Paid Social",
  "category": "Creative Services",
  "meta": {
    "title": "Ad Creative & Paid Social — OARC Digital",
    "description": "Scroll-stopping ad creative designed for performance across platforms — from UGC-style to animated motion ads."
  },
  "hero": {
    "headline": "Ad creative that performs.",
    "subheadline": "From thumb-stopping short-form to long-form video — creative engineered for clicks and conversions.",
    "primaryCTA": {
      "text": "See creative packages",
      "href": "/pricing"
    },
    "secondaryCTA": {
      "text": "Watch sample reels",
      "href": "#samples"
    }
  },
  "benefits": [
    {
      "text": "Creative templates proven to lift CTR and lower CPA."
    },
    {
      "text": "Rapid turnarounds for iterating ads across platforms."
    },
    {
      "text": "Data-led creative: testing variants connected to performance metrics."
    }
  ],
  "metrics": [
    {
      "value": "20-40%",
      "label": "reduction in CPC / CPL",
      "description": "after creative refresh"
    },
    {
      "value": "1.5-3×",
      "label": "ad engagement lift",
      "description": "with tailored story formats"
    },
    {
      "value": "2-5",
      "label": "creative variants/month",
      "description": "per campaign (as package)"
    }
  ],
  "included": [
    "Static ads, animated video (6–60s), UGC-style verticals, thumbnail & caption tests.",
    "Creative testing frameworks and winner promotion flows.",
    "Full production or rapid-retainer creative supply."
  ],
  "howItWorks": [
    {
      "step": 1,
      "title": "Creative Brief",
      "description": "Target audience, hooks, CTA."
    },
    {
      "step": 2,
      "title": "Produce & Test",
      "description": "Multi-variant production + initial A/B testing."
    },
    {
      "step": 3,
      "title": "Scale",
      "description": "Push winning variants, adjust messaging to audience segments."
    }
  ],
  "caseStudies": [
    {
      "client": "App Launch",
      "problem": "Low CTR on FB",
      "solution": "UGC-style creative + headline test",
      "result": "CTR ↑2.8× and CPA ↓34%"
    },
    {
      "client": "Retail Brand",
      "problem": "Weak remarketing creative",
      "solution": "Dynamic video ads + format tailoring",
      "result": "Remarketing ROAS ↑3.1×"
    }
  ],
  "faq": [
    {
      "question": "Which platforms do you support?",
      "answer": "All major platforms — Meta, TikTok, YouTube, LinkedIn — plus programmatic."
    },
    {
      "question": "Can you produce local language variants?",
      "answer": "Yes — multilingual creative & caption localization available."
    },
    {
      "question": "How do you measure creative success?",
      "answer": "CTR, video watch rate, landing conversion, and post-click revenue attribution."
    },
    {
      "question": "Can you match our brand guidelines?",
      "answer": "Yes — we adapt to brand style guides and provide governance docs."
    }
  ]
}
