Top pages,Clicks,Impressions,CTR,Position
https://oarcdigital.com/,8,170,4.71%,15.65
https://oarcdigital.com/blog/paid-advertising-malta,1,57,1.75%,17.26
https://oarcdigital.com/blog/ecommerce-marketing-malta,1,41,2.44%,13.49
https://oarcdigital.com/blog/content-strategy-malta,1,5,20%,5.4
https://oarcdigital.com/malta/st-julians/healthcare/digital-marketing,1,2,50%,5.5
https://oarcdigital.com/malta/marsaxlokk/real-estate/paid-advertising,1,1,100%,1
https://oarcdigital.com/aeo/digital-marketing-agency-malta,0,760,0%,66.84
https://oarcdigital.com/aeo/best-marketing-agency-malta,0,486,0%,68.71
https://oarcdigital.com/aeo/digital-transformation-malta,0,118,0%,21.69
https://oarcdigital.com/blog/digital-marketing-malta,0,76,0%,51.16
https://oarcdigital.com/tools,0,75,0%,8.04
https://oarcdigital.com/malta/valletta/web-design,0,70,0%,64.64
https://oarcdigital.com/blog/social-media-management-cost-malta,0,67,0%,41.7
https://oarcdigital.com/malta/marsaxlokk/social-media-creative-management,0,62,0%,72.1
https://oarcdigital.com/services/ai-content-strategist,0,40,0%,17.12
https://oarcdigital.com/blog/branding-agency-malta,0,40,0%,22.57
https://oarcdigital.com/ai-agents,0,39,0%,18.87
https://oarcdigital.com/aeo/social-media-agency-malta,0,37,0%,58.7
https://oarcdigital.com/blog/local-seo-malta,0,34,0%,19.15
https://oarcdigital.com/creative,0,30,0%,8
https://oarcdigital.com/malta/valletta/ai-consulting,0,30,0%,57.47
https://oarcdigital.com/solutions,0,29,0%,17.93
https://oarcdigital.com/malta/mosta/fintech/ai-consulting,0,28,0%,66.64
https://oarcdigital.com/malta/marsa/ecommerce/paid-advertising,0,26,0%,54.96
https://oarcdigital.com/malta/st-julians/ai-copywriting,0,25,0%,21.8
https://oarcdigital.com/services,0,25,0%,22.2
https://oarcdigital.com/malta/attard/retail/paid-advertising,0,23,0%,48.61
https://oarcdigital.com/blog/facebook-ads-malta,0,22,0%,3.59
https://oarcdigital.com/blog/ai-automation-malta,0,20,0%,6.8
https://oarcdigital.com/marketing-agency-malta,0,20,0%,89.9
https://oarcdigital.com/malta/kalkara/fintech/branding-services,0,19,0%,75.53
https://oarcdigital.com/malta/birkirkara/fintech/branding-services,0,19,0%,79.68
https://oarcdigital.com/blog/restaurant-marketing-malta,0,18,0%,4.06
https://oarcdigital.com/malta/valletta/branding-services,0,18,0%,61.89
https://oarcdigital.com/malta/birkirkara/ecommerce/paid-advertising,0,17,0%,61.53
https://oarcdigital.com/malta/swieqi/hotel/revenue-automation,0,17,0%,68.06
https://oarcdigital.com/malta/st-julians/fintech/social-media-creative-management,0,17,0%,76.94
https://oarcdigital.com/services/ai-appointment-booker,0,16,0%,28.75
https://oarcdigital.com/blog/web-design-malta,0,16,0%,40.69
https://oarcdigital.com/malta/rabat/fintech/ai-consulting,0,16,0%,66.19
https://oarcdigital.com/aeo/ai-agents-business-malta,0,16,0%,71.12
https://oarcdigital.com/malta/luqa/fintech/branding-services,0,16,0%,72.38
https://oarcdigital.com/malta/naxxar/paid-advertising,0,16,0%,75
https://oarcdigital.com/malta/naxxar/branding-services,0,15,0%,36.13
https://oarcdigital.com/malta/san-pawl-il-bahar/branding-services,0,15,0%,57
https://oarcdigital.com/malta/mqabba/ecommerce/paid-advertising,0,15,0%,70.13
https://oarcdigital.com/contact,0,14,0%,12.57
https://oarcdigital.com/malta/valletta/fintech/web-design,0,14,0%,27.71
https://oarcdigital.com/malta/valletta/fintech/paid-advertising,0,14,0%,58.64
https://oarcdigital.com/malta/birkirkara/fintech/paid-advertising,0,14,0%,65.14
https://oarcdigital.com/malta/marsa/fintech/social-media-creative-management,0,14,0%,84.14
https://oarcdigital.com/services/ai-admin-agent,0,13,0%,33
https://oarcdigital.com/malta/mosta/fintech/branding-services,0,13,0%,35.23
https://oarcdigital.com/malta/valletta/paid-advertising,0,13,0%,62.38
https://oarcdigital.com/malta/paola/fintech/paid-advertising,0,13,0%,65.08
https://oarcdigital.com/malta/attard/fintech/paid-advertising,0,13,0%,70.62
https://oarcdigital.com/malta/iklin/fintech/paid-advertising,0,13,0%,71.85
https://oarcdigital.com/malta/bugibba/ecommerce/paid-advertising,0,13,0%,73.54
https://oarcdigital.com/malta/mosta/fintech/social-media-creative-management,0,13,0%,76.69
https://oarcdigital.com/malta/san-pawl-il-bahar/hotel/digital-marketing,0,12,0%,45.17
https://oarcdigital.com/malta/rabat/fintech/paid-advertising,0,12,0%,77.92
https://oarcdigital.com/malta/santa-venera/fintech/paid-advertising,0,12,0%,78.08
https://oarcdigital.com/blog/hospitality-marketing-malta,0,11,0%,4.55
https://oarcdigital.com/blog/instagram-marketing-malta,0,11,0%,5.64
https://oarcdigital.com/aeo/pos-systems-malta,0,11,0%,32.73
https://oarcdigital.com/malta/msida/healthcare/branding-services,0,11,0%,37.09
https://oarcdigital.com/malta/birkirkara/car-dealership/ai-copywriting,0,11,0%,39.73
https://oarcdigital.com/malta/st-julians/ai-consulting,0,11,0%,43.55
https://oarcdigital.com/malta/mosta/car-dealership/ai-copywriting,0,11,0%,52.45
https://oarcdigital.com/malta/mosta/fintech/paid-advertising,0,11,0%,58.82
https://oarcdigital.com/malta/sliema/ai-consulting,0,11,0%,63.82
https://oarcdigital.com/malta/bugibba/branding-services,0,11,0%,66.36
https://oarcdigital.com/malta/st-julians/ecommerce/ai-copywriting,0,11,0%,69.64
https://oarcdigital.com/malta/mellieha/fintech/paid-advertising,0,11,0%,79.73
https://oarcdigital.com/malta/attard/ecommerce/ai-copywriting,0,10,0%,1.6
https://oarcdigital.com/malta/santa-venera/ecommerce/ai-copywriting,0,10,0%,32
https://oarcdigital.com/malta/birkirkara/ecommerce/ai-copywriting,0,10,0%,59.1
https://oarcdigital.com/malta/birkirkara/paid-advertising,0,10,0%,62.8
https://oarcdigital.com/malta/lija/fintech/paid-advertising,0,10,0%,71.8
https://oarcdigital.com/malta/naxxar/fintech/paid-advertising,0,10,0%,78.6
https://oarcdigital.com/malta/zabbar/fintech/paid-advertising,0,10,0%,80.3
https://oarcdigital.com/malta/san-pawl-il-bahar/hotel/ai-copywriting,0,10,0%,82.9
https://oarcdigital.com/malta/marsaskala/car-dealership/ai-copywriting,0,9,0%,57.56
https://oarcdigital.com/malta/st-julians/hotel/digital-marketing,0,9,0%,59
https://oarcdigital.com/malta/pieta/hotel/ai-copywriting,0,9,0%,62.44
https://oarcdigital.com/malta/balzan/hotel/ai-copywriting,0,9,0%,63.22
https://oarcdigital.com/malta/iklin/car-dealership/ai-copywriting,0,9,0%,63.67
https://oarcdigital.com/malta/sliema/fintech/paid-advertising,0,9,0%,78.11
https://oarcdigital.com/aeo/restaurant-marketing-malta,0,8,0%,4.75
https://oarcdigital.com/malta/st-julians/car-dealership/ai-copywriting,0,8,0%,5.25
https://oarcdigital.com/aeo/tiktok-marketing-malta,0,8,0%,7.62
https://oarcdigital.com/blog/email-marketing-malta,0,8,0%,19
https://oarcdigital.com/malta/san-pawl-il-bahar/restaurant/digital-marketing,0,8,0%,38.75
https://oarcdigital.com/aeo/ai-agency-malta,0,8,0%,40.5
https://oarcdigital.com/malta/valletta/real-estate/web-design,0,8,0%,51.38
https://oarcdigital.com/malta/swieqi/retail/ai-consulting,0,8,0%,52
https://oarcdigital.com/malta/zejtun/fintech/paid-advertising,0,8,0%,82.5
https://oarcdigital.com/malta/msida/hotel/ai-copywriting,0,8,0%,88.88
https://oarcdigital.com/malta/rabat/hotel/ai-copywriting,0,8,0%,92
https://oarcdigital.com/services/hire-ai-employees,0,7,0%,3.57
https://oarcdigital.com/malta/mosta/ai-copywriting,0,7,0%,20.86
https://oarcdigital.com/malta/mosta/igaming/web-design,0,7,0%,38.71
https://oarcdigital.com/malta/san-pawl-il-bahar/construction/branding-services,0,7,0%,48.43
https://oarcdigital.com/malta/mellieha/ecommerce/web-design,0,7,0%,55.71
https://oarcdigital.com/malta/bugibba/fintech/branding-services,0,7,0%,61
https://oarcdigital.com/malta/xghajra/fintech/digital-marketing,0,7,0%,65.43
https://oarcdigital.com/malta/valletta/healthcare/branding-services,0,7,0%,70.57
https://oarcdigital.com/malta/mosta/hotel/ai-copywriting,0,7,0%,76.86
https://oarcdigital.com/malta/marsaxlokk/fintech/branding-services,0,7,0%,78.29
https://oarcdigital.com/malta/marsa/ecommerce/web-design,0,7,0%,82.71
https://oarcdigital.com/malta/san-gwann/hotel/ai-copywriting,0,7,0%,90.71
https://oarcdigital.com/services/social-media-management,0,6,0%,6
https://oarcdigital.com/malta/msida/igaming/digital-marketing,0,6,0%,6.33
https://oarcdigital.com/malta/qormi/car-dealership/ai-copywriting,0,6,0%,8.67
https://oarcdigital.com/malta/iklin/fintech/branding-services,0,6,0%,19.67
https://oarcdigital.com/malta/ghaxaq/fintech/branding-services,0,6,0%,25.33
https://oarcdigital.com/malta/marsa/igaming/paid-advertising,0,6,0%,26.83
https://oarcdigital.com/aeo/hospitality-360-system,0,6,0%,27
https://oarcdigital.com/malta/fgura/fintech/branding-services,0,6,0%,28.17
https://oarcdigital.com/malta/mosta/social-media-creative-management,0,6,0%,51.83
https://oarcdigital.com/malta/marsa/hotel/revenue-automation,0,6,0%,57.5
https://oarcdigital.com/malta/marsaxlokk/igaming/branding-services,0,6,0%,59.67
https://oarcdigital.com/malta/rabat/hotel/hire-ai-employees,0,6,0%,61.67
https://oarcdigital.com/malta/marsaxlokk/car-dealership/ai-copywriting,0,6,0%,66.5
https://oarcdigital.com/malta/gzira/fintech/paid-advertising,0,6,0%,70.5
https://oarcdigital.com/malta/rabat/bar/paid-advertising,0,6,0%,72
https://oarcdigital.com/malta/pembroke/hotel/digital-marketing,0,6,0%,72.83
https://oarcdigital.com/malta/zurrieq/fintech/paid-advertising,0,6,0%,73.83
https://oarcdigital.com/malta/marsa/spa-wellness/branding-services,0,6,0%,74.5
https://oarcdigital.com/malta/sliema/hotel/revenue-automation,0,6,0%,75.83
https://oarcdigital.com/malta/birkirkara/hotel/ai-copywriting,0,6,0%,82.33
https://oarcdigital.com/malta/iklin/fintech/web-design,0,6,0%,82.67
https://oarcdigital.com/malta/lija/healthcare/branding-services,0,6,0%,84.5
https://oarcdigital.com/malta/birkirkara/healthcare/branding-services,0,6,0%,87
https://oarcdigital.com/malta/sliema/hotel/ai-copywriting,0,6,0%,87.33
https://oarcdigital.com/malta/marsaxlokk/ecommerce/ai-copywriting,0,6,0%,87.67
https://oarcdigital.com/malta/marsaskala/ai-consulting,0,6,0%,90.17
https://oarcdigital.com/malta/st-julians/healthcare/branding-services,0,6,0%,93.83
https://oarcdigital.com/malta/marsaxlokk/healthcare/branding-services,0,6,0%,96.67
https://oarcdigital.com/malta/bugibba/car-dealership/ai-copywriting,0,5,0%,2.4
https://oarcdigital.com/malta/valletta/digital-marketing,0,5,0%,2.6
https://oarcdigital.com/malta/siggiewi/healthcare/revenue-automation,0,5,0%,5.8
https://oarcdigital.com/malta/xghajra/gym-fitness/branding-services,0,5,0%,11.4
https://oarcdigital.com/malta/qormi/fintech/branding-services,0,5,0%,31
https://oarcdigital.com/malta/san-lawrenz/hotel/revenue-automation,0,5,0%,38.8
https://oarcdigital.com/malta/mellieha/fintech/branding-services,0,5,0%,44
https://oarcdigital.com/malta/iklin/igaming/digital-marketing,0,5,0%,48.4
https://oarcdigital.com/malta/swieqi/hotel/digital-marketing,0,5,0%,53
https://oarcdigital.com/malta/attard/fintech/branding-services,0,5,0%,57.8
https://oarcdigital.com/malta/marsaskala/hotel/digital-marketing,0,5,0%,64.4
https://oarcdigital.com/malta/san-gwann/hotel/hire-ai-employees,0,5,0%,64.4
https://oarcdigital.com/malta/birzebbuga/hotel/digital-marketing,0,5,0%,66.4
https://oarcdigital.com/malta/zabbar/hotel/hire-ai-employees,0,5,0%,66.4
https://oarcdigital.com/malta/san-pawl-il-bahar/hotel/revenue-automation,0,5,0%,66.8
https://oarcdigital.com/malta/cospicua/car-dealership/ai-copywriting,0,5,0%,69
https://oarcdigital.com/malta/naxxar/real-estate/digital-marketing,0,5,0%,69.2
https://oarcdigital.com/malta/kirkop/hotel/revenue-automation,0,5,0%,70.8
https://oarcdigital.com/malta/luqa/hotel/revenue-automation,0,5,0%,73.8
https://oarcdigital.com/malta/rabat/ecommerce/ai-copywriting,0,5,0%,76
https://oarcdigital.com/malta/marsaxlokk/fintech/paid-advertising,0,5,0%,81.6
https://oarcdigital.com/malta/mdina/healthcare/branding-services,0,5,0%,82.4
https://oarcdigital.com/malta/bugibba/fintech/web-design,0,5,0%,89
https://oarcdigital.com/malta/luqa/car-dealership/ai-copywriting,0,4,0%,4.25
https://oarcdigital.com/blog/video-production-malta,0,4,0%,5
https://oarcdigital.com/malta/zejtun/retail/digital-marketing,0,4,0%,5.5
https://oarcdigital.com/malta/naxxar/cafe/branding-services,0,4,0%,8.75
https://oarcdigital.com/malta/valletta/fintech/ai-consulting,0,4,0%,16.25
https://oarcdigital.com/malta/valletta/ecommerce/ai-consulting,0,4,0%,19.75
https://oarcdigital.com/malta/rabat/hotel/digital-marketing,0,4,0%,29.5
https://oarcdigital.com/malta/st-julians/igaming/branding-services,0,4,0%,36.75
https://oarcdigital.com/aeo/marketing-automation-malta,0,4,0%,38.25
https://oarcdigital.com/malta/valletta/fintech/branding-services,0,4,0%,39.5
https://oarcdigital.com/malta/kalkara/car-dealership/ai-copywriting,0,4,0%,48.25
https://oarcdigital.com/aeo/app-development-malta,0,4,0%,49.25
https://oarcdigital.com/malta/pembroke/fintech/branding-services,0,4,0%,54.75
https://oarcdigital.com/malta/iklin/ecommerce/ai-copywriting,0,4,0%,55.25
https://oarcdigital.com/automation,0,4,0%,56.25
https://oarcdigital.com/malta/swieqi/hotel/hire-ai-employees,0,4,0%,56.5
https://oarcdigital.com/malta/zurrieq/fintech/branding-services,0,4,0%,61.5
https://oarcdigital.com/malta/birkirkara/real-estate/digital-marketing,0,4,0%,65
https://oarcdigital.com/malta/zurrieq/hotel/hire-ai-employees,0,4,0%,65.5
https://oarcdigital.com/malta/birzebbuga/hotel/revenue-automation,0,4,0%,66.5
https://oarcdigital.com/malta/attard/hotel/ai-consulting,0,4,0%,68
https://oarcdigital.com/malta/rabat/car-dealership/ai-copywriting,0,4,0%,68.75
https://oarcdigital.com/malta/rabat/hotel/revenue-automation,0,4,0%,70.5
https://oarcdigital.com/malta/rabat/branding-services,0,4,0%,73.75
https://oarcdigital.com/malta/swatar/hotel/revenue-automation,0,4,0%,73.75
https://oarcdigital.com/malta/marsaxlokk/fintech/web-design,0,4,0%,74
https://oarcdigital.com/malta/valletta/hotel/hire-ai-employees,0,4,0%,78
https://oarcdigital.com/malta/swatar/hotel/hire-ai-employees,0,4,0%,79
https://oarcdigital.com/malta/san-pawl-il-bahar/fintech/branding-services,0,4,0%,79.75
https://oarcdigital.com/malta/attard/igaming/branding-services,0,4,0%,83
https://oarcdigital.com/aeo/website-development-malta,0,4,0%,83.5
https://oarcdigital.com/malta/zurrieq/hotel/revenue-automation,0,4,0%,83.5
https://oarcdigital.com/malta/marsaxlokk/branding-services,0,4,0%,85
https://oarcdigital.com/malta/rabat/ecommerce/web-design,0,4,0%,85.5
https://oarcdigital.com/malta/attard/construction/branding-services,0,4,0%,86.25
https://oarcdigital.com/malta/kalkara/fintech/digital-marketing,0,4,0%,90.25
https://oarcdigital.com/malta/iklin/hotel/ai-copywriting,0,4,0%,92.25
https://oarcdigital.com/malta/fgura/ai-consulting,0,4,0%,95.25
https://oarcdigital.com/services/mvp-development,0,3,0%,2
https://oarcdigital.com/malta/luqa/hotel/ai-consulting,0,3,0%,2.33
https://oarcdigital.com/malta/san-pawl-il-bahar/hire-ai-employees,0,3,0%,2.33
https://oarcdigital.com/malta/zurrieq/igaming/digital-marketing,0,3,0%,3
https://oarcdigital.com/malta/cospicua/retail/web-design,0,3,0%,4
https://oarcdigital.com/malta/gzira/retail/digital-marketing,0,3,0%,4
https://oarcdigital.com/services/lead-generation-engine,0,3,0%,4
https://oarcdigital.com/ai-agency-malta,0,3,0%,4.67
https://oarcdigital.com/services/idea-validation-engine,0,3,0%,4.67
https://oarcdigital.com/aeo/hospitality-360-malta,0,3,0%,5.67
https://oarcdigital.com/services/email-creative,0,3,0%,5.67
https://oarcdigital.com/malta/zejtun/igaming/hire-ai-employees,0,3,0%,7.33
https://oarcdigital.com/malta/birkirkara/healthcare/ai-consulting,0,3,0%,7.67
https://oarcdigital.com/malta/mosta/igaming/revenue-automation,0,3,0%,8.67
https://oarcdigital.com/blog/marketing-agency-malta,0,3,0%,9
https://oarcdigital.com/malta/bugibba/igaming/revenue-automation,0,3,0%,9.33
https://oarcdigital.com/malta/swieqi/igaming/social-media-creative-management,0,3,0%,10.33
https://oarcdigital.com/malta/marsaskala/real-estate/video-production,0,3,0%,10.67
https://oarcdigital.com/malta/luqa/construction/branding-services,0,3,0%,11.33
https://oarcdigital.com/malta/marsa/bar/ai-consulting,0,3,0%,11.33
https://oarcdigital.com/malta/valletta/real-estate/hire-ai-employees,0,3,0%,12.67
https://oarcdigital.com/malta/isla/retail/web-design,0,3,0%,18.33
https://oarcdigital.com/malta/pieta/hotel/paid-advertising,0,3,0%,18.67
https://oarcdigital.com/malta/birzebbuga/igaming/web-design,0,3,0%,23
https://oarcdigital.com/malta/pembroke/gym-fitness/digital-marketing,0,3,0%,23.67
https://oarcdigital.com/malta/valletta/hotel/ai-consulting,0,3,0%,24
https://oarcdigital.com/malta/pieta/fintech/branding-services,0,3,0%,27
https://oarcdigital.com/malta/swieqi/social-media-creative-management,0,3,0%,38.67
https://oarcdigital.com/malta/balzan/car-dealership/ai-copywriting,0,3,0%,40.33
https://oarcdigital.com/malta/attard/car-dealership/ai-copywriting,0,3,0%,42
https://oarcdigital.com/malta/luqa/igaming/digital-marketing,0,3,0%,44.33
https://oarcdigital.com/malta/kalkara/igaming/branding-services,0,3,0%,50.67
https://oarcdigital.com/malta/birkirkara/retail/paid-advertising,0,3,0%,55.33
https://oarcdigital.com/malta/cospicua/fintech/branding-services,0,3,0%,55.33
https://oarcdigital.com/malta/kalkara/igaming/digital-marketing,0,3,0%,61.33
https://oarcdigital.com/malta/mellieha/igaming/digital-marketing,0,3,0%,62
https://oarcdigital.com/malta/san-gwann/hotel/ai-consulting,0,3,0%,66.33
https://oarcdigital.com/malta/floriana/fintech/branding-services,0,3,0%,68.67
https://oarcdigital.com/malta/rabat/fintech/branding-services,0,3,0%,72
https://oarcdigital.com/malta/msida/hotel/digital-marketing,0,3,0%,72.33
https://oarcdigital.com/malta/mqabba/fintech/branding-services,0,3,0%,75.67
https://oarcdigital.com/malta/msida/social-media-creative-management,0,3,0%,78.33
https://oarcdigital.com/malta/siggiewi/fintech/branding-services,0,3,0%,78.67
https://oarcdigital.com/malta/attard/law-firm/digital-marketing,0,3,0%,85.67
https://oarcdigital.com/malta/msida/ai-consulting,0,3,0%,91
https://oarcdigital.com/malta/marsaxlokk/igaming/digital-marketing,0,3,0%,91.33
https://oarcdigital.com/malta/mqabba/igaming/digital-marketing,0,3,0%,91.67
https://oarcdigital.com/malta/naxxar/law-firm/ai-consulting,0,3,0%,91.67
https://oarcdigital.com/malta/iklin/fintech/ai-consulting,0,3,0%,95.67
https://oarcdigital.com/malta/lija/retail/ai-consulting,0,3,0%,98
https://oarcdigital.com/malta/mellieha/ai-consulting,0,3,0%,98.67
https://oarcdigital.com/malta/naxxar/healthcare/branding-services,0,3,0%,99
https://oarcdigital.com/malta/san-pawl-il-bahar/healthcare/branding-services,0,3,0%,99
https://oarcdigital.com/malta/lija/ecommerce/digital-marketing,0,2,0%,1
https://oarcdigital.com/malta/luqa/real-estate/ai-consulting,0,2,0%,1
https://oarcdigital.com/malta/msida/fintech/branding-services,0,2,0%,1
https://oarcdigital.com/malta/naxxar/retail/digital-marketing,0,2,0%,1.5
https://oarcdigital.com/malta/valletta/igaming/branding-services,0,2,0%,2
https://oarcdigital.com/malta/balzan/fintech/video-production,0,2,0%,3.5
https://oarcdigital.com/malta/mellieha,0,2,0%,4
https://oarcdigital.com/malta/msida/ecommerce/paid-advertising,0,2,0%,4
https://oarcdigital.com/malta/pieta/igaming/branding-services,0,2,0%,4
https://oarcdigital.com/malta/pembroke/hotel/hire-ai-employees,0,2,0%,4.5
https://oarcdigital.com/malta/rabat/bar/hire-ai-employees,0,2,0%,4.5
https://oarcdigital.com/malta/valletta/real-estate/ai-copywriting,0,2,0%,4.5
https://oarcdigital.com/malta/msida/ai-copywriting,0,2,0%,5.5
https://oarcdigital.com/malta/san-pawl-il-bahar/igaming/social-media-creative-management,0,2,0%,6
https://oarcdigital.com/malta/valletta/law-firm/ai-consulting,0,2,0%,6
https://oarcdigital.com/malta/cospicua/cafe/web-design,0,2,0%,6.5
https://oarcdigital.com/malta/luqa/restaurant/paid-advertising,0,2,0%,6.5
https://oarcdigital.com/malta/mellieha/healthcare/ai-consulting,0,2,0%,6.5
https://oarcdigital.com/malta/valletta/hotel/digital-marketing,0,2,0%,6.5
https://oarcdigital.com/blog/ai-sales-automation-malta,0,2,0%,7
https://oarcdigital.com/malta/luqa/cafe/social-media-creative-management,0,2,0%,7
https://oarcdigital.com/malta/pieta/igaming/social-media-creative-management,0,2,0%,7
https://oarcdigital.com/malta/santa-venera/healthcare/branding-services,0,2,0%,7
https://oarcdigital.com/services/customer-acquisition,0,2,0%,7
https://oarcdigital.com/malta/iklin/construction/social-media-creative-management,0,2,0%,7.5
https://oarcdigital.com/malta/qormi/car-dealership/revenue-automation,0,2,0%,7.5
https://oarcdigital.com/malta/sliema/hotel/branding-services,0,2,0%,7.5
https://oarcdigital.com/malta/zejtun/igaming/revenue-automation,0,2,0%,7.5
https://oarcdigital.com/case-studies/talentscale-solutions,0,2,0%,8
https://oarcdigital.com/malta/rabat/fintech/social-media-creative-management,0,2,0%,8
https://oarcdigital.com/malta/san-gwann/ecommerce/video-production,0,2,0%,8
https://oarcdigital.com/malta/st-julians/restaurant/digital-marketing,0,2,0%,8
https://oarcdigital.com/malta/zurrieq,0,2,0%,8
https://oarcdigital.com/malta/zurrieq/igaming/social-media-creative-management,0,2,0%,8
https://oarcdigital.com/malta/gudja/gym-fitness/revenue-automation,0,2,0%,8.5
https://oarcdigital.com/pdf/ai-creative-profile,0,2,0%,9
https://oarcdigital.com/malta/st-julians/fintech/digital-marketing,0,2,0%,9.5
https://oarcdigital.com/malta/zejtun/bar/social-media-creative-management,0,2,0%,9.5
https://oarcdigital.com/malta/msida/healthcare/ai-consulting,0,2,0%,10
https://oarcdigital.com/malta/swieqi/construction/social-media-creative-management,0,2,0%,10
https://oarcdigital.com/aeo/ecommerce-malta,0,2,0%,10.5
https://oarcdigital.com/malta/valletta/igaming/revenue-automation,0,2,0%,10.5
https://oarcdigital.com/malta/gudja/gym-fitness/digital-marketing,0,2,0%,12
https://oarcdigital.com/malta/mellieha/igaming/paid-advertising,0,2,0%,15.5
https://oarcdigital.com/aeo/software-development-malta,0,2,0%,29
https://oarcdigital.com/malta/san-pawl-il-bahar/retail/paid-advertising,0,2,0%,29
https://oarcdigital.com/malta/birkirkara/igaming/branding-services,0,2,0%,29.5
https://oarcdigital.com/malta/rabat/retail/ai-consulting,0,2,0%,30
https://oarcdigital.com/malta/siggiewi/car-dealership/ai-copywriting,0,2,0%,30.5
https://oarcdigital.com/malta/cospicua/real-estate/web-design,0,2,0%,33.5
https://oarcdigital.com/malta/san-pawl-il-bahar/real-estate/web-design,0,2,0%,35
https://oarcdigital.com/malta/cospicua/bar/web-design,0,2,0%,42
https://oarcdigital.com/malta/msida/branding-services,0,2,0%,44
https://oarcdigital.com/malta/mosta/law-firm/web-design,0,2,0%,44.5
https://oarcdigital.com/malta/pieta/real-estate/branding-services,0,2,0%,46
https://oarcdigital.com/malta/swieqi/hotel/ai-consulting,0,2,0%,49.5
https://oarcdigital.com/malta/birzebbuga/fintech/web-design,0,2,0%,50
https://oarcdigital.com/malta/mellieha/construction/branding-services,0,2,0%,50.5
https://oarcdigital.com/malta/lija/hotel/branding-services,0,2,0%,51.5
https://oarcdigital.com/malta/swieqi/spa-wellness/ai-consulting,0,2,0%,51.5
https://oarcdigital.com/malta/mdina/igaming/digital-marketing,0,2,0%,54
https://oarcdigital.com/malta/lija/spa-wellness/branding-services,0,2,0%,56
https://oarcdigital.com/malta/marsaskala/fintech/web-design,0,2,0%,56
https://oarcdigital.com/malta/st-julians/bar/video-production,0,2,0%,56
https://oarcdigital.com/malta/swatar/real-estate/branding-services,0,2,0%,61.5
https://oarcdigital.com/malta/cospicua/ecommerce/ai-copywriting,0,2,0%,63
https://oarcdigital.com/malta/kirkop/fintech/branding-services,0,2,0%,63.5
https://oarcdigital.com/malta/san-lawrenz/igaming/web-design,0,2,0%,64
https://oarcdigital.com/malta/msida/car-dealership/ai-copywriting,0,2,0%,67.5
https://oarcdigital.com/malta/birzebbuga/gym-fitness/social-media-creative-management,0,2,0%,68.5
https://oarcdigital.com/malta/rabat/real-estate/hire-ai-employees,0,2,0%,70
https://oarcdigital.com/malta/pieta/ecommerce/paid-advertising,0,2,0%,70.5
https://oarcdigital.com/malta/san-pawl-il-bahar/igaming/digital-marketing,0,2,0%,70.5
https://oarcdigital.com/malta/sliema/fintech/branding-services,0,2,0%,72.5
https://oarcdigital.com/malta/mqabba/healthcare/branding-services,0,2,0%,77.5
https://oarcdigital.com/malta/san-gwann/hotel/revenue-automation,0,2,0%,77.5
https://oarcdigital.com/malta/gudja/fintech/branding-services,0,2,0%,81
https://oarcdigital.com/malta/gzira/fintech/branding-services,0,2,0%,82
https://oarcdigital.com/malta/swatar/igaming/digital-marketing,0,2,0%,82
https://oarcdigital.com/malta/swieqi/fintech/branding-services,0,2,0%,83
https://oarcdigital.com/malta/zabbar/real-estate/digital-marketing,0,2,0%,83
https://oarcdigital.com/malta/pembroke/ecommerce/social-media-creative-management,0,2,0%,91.5
https://oarcdigital.com/malta/ghaxaq/igaming/branding-services,0,2,0%,92
https://oarcdigital.com/malta/marsa/fintech/web-design,0,2,0%,92
https://oarcdigital.com/malta/naxxar/construction/branding-services,0,2,0%,92
https://oarcdigital.com/malta/luqa/fintech/digital-marketing,0,2,0%,97
https://oarcdigital.com/malta/tarxien/ai-consulting,0,2,0%,100
https://oarcdigital.com/malta/bugibba/hotel/social-media-creative-management,0,1,0%,1
https://oarcdigital.com/malta/bugibba/real-estate/branding-services,0,1,0%,1
https://oarcdigital.com/malta/floriana/gym-fitness/revenue-automation,0,1,0%,1
https://oarcdigital.com/malta/gzira/restaurant/revenue-automation,0,1,0%,1
https://oarcdigital.com/malta/isla/fintech/paid-advertising,0,1,0%,1
https://oarcdigital.com/malta/isla/law-firm/digital-marketing,0,1,0%,1
https://oarcdigital.com/malta/lija/fintech/ai-copywriting,0,1,0%,1
https://oarcdigital.com/malta/luqa/bar/ai-consulting,0,1,0%,1
https://oarcdigital.com/malta/luqa/ecommerce/social-media-creative-management,0,1,0%,1
https://oarcdigital.com/malta/marsa/construction/paid-advertising,0,1,0%,1
https://oarcdigital.com/malta/marsa/real-estate/branding-services,0,1,0%,1
https://oarcdigital.com/malta/naxxar/ecommerce/digital-marketing,0,1,0%,1
https://oarcdigital.com/malta/pembroke/real-estate/revenue-automation,0,1,0%,1
https://oarcdigital.com/malta/pieta/gym-fitness/digital-marketing,0,1,0%,1
https://oarcdigital.com/malta/rabat/bar/social-media-creative-management,0,1,0%,1
https://oarcdigital.com/malta/san-gwann/real-estate/digital-marketing,0,1,0%,1
https://oarcdigital.com/malta/sliema/bar/social-media-creative-management,0,1,0%,1
https://oarcdigital.com/malta/st-julians/construction/branding-services,0,1,0%,1
https://oarcdigital.com/malta/st-julians/igaming/hire-ai-employees,0,1,0%,1
https://oarcdigital.com/malta/valletta/hotel/ai-copywriting,0,1,0%,1
https://oarcdigital.com/malta/birgu/igaming/branding-services,0,1,0%,2
https://oarcdigital.com/malta/birkirkara/igaming/paid-advertising,0,1,0%,2
https://oarcdigital.com/malta/bormla/hotel/ai-consulting,0,1,0%,2
https://oarcdigital.com/malta/gzira/igaming/social-media-creative-management,0,1,0%,2
https://oarcdigital.com/malta/luqa/cafe/revenue-automation,0,1,0%,2
https://oarcdigital.com/malta/luqa/restaurant/digital-marketing,0,1,0%,2
https://oarcdigital.com/malta/naxxar/bar/paid-advertising,0,1,0%,2
https://oarcdigital.com/malta/st-julians/ecommerce/branding-services,0,1,0%,2
https://oarcdigital.com/malta/zabbar/igaming/digital-marketing,0,1,0%,2
https://oarcdigital.com/malta/attard/law-firm/ai-consulting,0,1,0%,3
https://oarcdigital.com/malta/birkirkara/bar/web-design,0,1,0%,3
https://oarcdigital.com/malta/birkirkara/real-estate/branding-services,0,1,0%,3
https://oarcdigital.com/malta/floriana/real-estate/ai-consulting,0,1,0%,3
https://oarcdigital.com/malta/floriana/restaurant/revenue-automation,0,1,0%,3
https://oarcdigital.com/malta/gzira/hotel/social-media-creative-management,0,1,0%,3
https://oarcdigital.com/malta/msida/retail/social-media-creative-management,0,1,0%,3
https://oarcdigital.com/malta/paola/restaurant/web-design,0,1,0%,3
https://oarcdigital.com/malta/san-gwann/real-estate/revenue-automation,0,1,0%,3
https://oarcdigital.com/malta/sliema/construction/video-production,0,1,0%,3
https://oarcdigital.com/malta/st-julians/fintech/revenue-automation,0,1,0%,3
https://oarcdigital.com/malta/st-julians/restaurant/social-media-creative-management,0,1,0%,3
https://oarcdigital.com/aeo/crm-automation-malta,0,1,0%,4
https://oarcdigital.com/blog/content-marketing-malta,0,1,0%,4
https://oarcdigital.com/malta/bormla/fintech/revenue-automation,0,1,0%,4
https://oarcdigital.com/malta/gzira/ecommerce/web-design,0,1,0%,4
https://oarcdigital.com/malta/gzira/restaurant/web-design,0,1,0%,4
https://oarcdigital.com/malta/hamrun/restaurant/branding-services,0,1,0%,4
https://oarcdigital.com/malta/lija/healthcare/digital-marketing,0,1,0%,4
https://oarcdigital.com/malta/marsaxlokk/retail/paid-advertising,0,1,0%,4
https://oarcdigital.com/malta/msida/fintech/ai-consulting,0,1,0%,4
https://oarcdigital.com/malta/msida/retail/digital-marketing,0,1,0%,4
https://oarcdigital.com/malta/rabat/healthcare/branding-services,0,1,0%,4
https://oarcdigital.com/malta/santa-venera/healthcare/paid-advertising,0,1,0%,4
https://oarcdigital.com/malta/sliema/gym-fitness/revenue-automation,0,1,0%,4
https://oarcdigital.com/malta/sliema/hotel/digital-marketing,0,1,0%,4
https://oarcdigital.com/malta/tarxien/igaming/web-design,0,1,0%,4
https://oarcdigital.com/malta/valletta/restaurant/branding-services,0,1,0%,4
https://oarcdigital.com/blog/marketing-trends-malta-2025,0,1,0%,5
https://oarcdigital.com/malta/attard/restaurant/revenue-automation,0,1,0%,5
https://oarcdigital.com/malta/birkirkara/cafe/digital-marketing,0,1,0%,5
https://oarcdigital.com/malta/birkirkara/restaurant/ai-copywriting,0,1,0%,5
https://oarcdigital.com/malta/bugibba/igaming/hire-ai-employees,0,1,0%,5
https://oarcdigital.com/malta/gzira/restaurant/hire-ai-employees,0,1,0%,5
https://oarcdigital.com/malta/luqa/igaming/web-design,0,1,0%,5
https://oarcdigital.com/malta/mosta/law-firm/ai-consulting,0,1,0%,5
https://oarcdigital.com/malta/naxxar/fintech/digital-marketing,0,1,0%,5
https://oarcdigital.com/malta/san-pawl-il-bahar/bar/hire-ai-employees,0,1,0%,5
https://oarcdigital.com/malta/sliema/fintech/ai-copywriting,0,1,0%,5
https://oarcdigital.com/malta/st-julians/ecommerce/digital-marketing,0,1,0%,5
https://oarcdigital.com/malta/st-julians/igaming/paid-advertising,0,1,0%,5
https://oarcdigital.com/malta/st-julians/revenue-automation,0,1,0%,5
https://oarcdigital.com/malta/zejtun/fintech/social-media-creative-management,0,1,0%,5
https://oarcdigital.com/malta/birgu/video-production,0,1,0%,6
https://oarcdigital.com/malta/birzebbuga/fintech/hire-ai-employees,0,1,0%,6
https://oarcdigital.com/malta/gudja/car-dealership/digital-marketing,0,1,0%,6
https://oarcdigital.com/malta/gzira/branding-services,0,1,0%,6
https://oarcdigital.com/malta/marsaskala/construction/ai-consulting,0,1,0%,6
https://oarcdigital.com/malta/marsaskala/retail/social-media-creative-management,0,1,0%,6
https://oarcdigital.com/malta/mosta/ecommerce/digital-marketing,0,1,0%,6
https://oarcdigital.com/malta/mqabba/igaming/ai-consulting,0,1,0%,6
https://oarcdigital.com/malta/rabat/construction/video-production,0,1,0%,6
https://oarcdigital.com/malta/san-gwann/igaming/digital-marketing,0,1,0%,6
https://oarcdigital.com/malta/san-pawl-il-bahar/gym-fitness/revenue-automation,0,1,0%,6
https://oarcdigital.com/malta/san-pawl-il-bahar/web-design,0,1,0%,6
https://oarcdigital.com/malta/siggiewi/restaurant/ai-copywriting,0,1,0%,6
https://oarcdigital.com/malta/st-julians/hotel/paid-advertising,0,1,0%,6
https://oarcdigital.com/malta/attard/ai-copywriting,0,1,0%,7
https://oarcdigital.com/malta/birkirkara/bar/revenue-automation,0,1,0%,7
https://oarcdigital.com/malta/birkirkara/restaurant/digital-marketing,0,1,0%,7
https://oarcdigital.com/malta/birzebbuga/igaming/digital-marketing,0,1,0%,7
https://oarcdigital.com/malta/cospicua/gym-fitness/paid-advertising,0,1,0%,7
https://oarcdigital.com/malta/fgura/real-estate/video-production,0,1,0%,7
https://oarcdigital.com/malta/gzira/igaming/ai-consulting,0,1,0%,7
https://oarcdigital.com/malta/isla/bar/social-media-creative-management,0,1,0%,7
https://oarcdigital.com/malta/marsa/hotel/digital-marketing,0,1,0%,7
https://oarcdigital.com/malta/mosta/fintech/revenue-automation,0,1,0%,7
https://oarcdigital.com/malta/mosta/igaming/hire-ai-employees,0,1,0%,7
https://oarcdigital.com/malta/santa-venera/construction/ai-consulting,0,1,0%,7
https://oarcdigital.com/malta/sliema/retail/digital-marketing,0,1,0%,7
https://oarcdigital.com/malta/swieqi/healthcare/social-media-creative-management,0,1,0%,7
https://oarcdigital.com/malta/tarxien/fintech/paid-advertising,0,1,0%,7
https://oarcdigital.com/malta/zabbar/construction/digital-marketing,0,1,0%,7
https://oarcdigital.com/malta/zejtun/gym-fitness/digital-marketing,0,1,0%,7
https://oarcdigital.com/malta/zurrieq/digital-marketing,0,1,0%,7
https://oarcdigital.com/malta/birkirkara/car-dealership/revenue-automation,0,1,0%,8
https://oarcdigital.com/malta/birzebbuga/gym-fitness/digital-marketing,0,1,0%,8
https://oarcdigital.com/malta/bugibba/construction/ai-consulting,0,1,0%,8
https://oarcdigital.com/malta/cospicua/healthcare/social-media-creative-management,0,1,0%,8
https://oarcdigital.com/malta/fgura/ecommerce/social-media-creative-management,0,1,0%,8
https://oarcdigital.com/malta/hamrun/fintech/ai-consulting,0,1,0%,8
https://oarcdigital.com/malta/isla/igaming/branding-services,0,1,0%,8
https://oarcdigital.com/malta/luqa/ecommerce/digital-marketing,0,1,0%,8
https://oarcdigital.com/malta/paola/igaming/digital-marketing,0,1,0%,8
https://oarcdigital.com/malta/pieta/law-firm/digital-marketing,0,1,0%,8
https://oarcdigital.com/malta/qormi/cafe/hire-ai-employees,0,1,0%,8
https://oarcdigital.com/malta/qormi/igaming/ai-consulting,0,1,0%,8
https://oarcdigital.com/malta/san-pawl-il-bahar/video-production,0,1,0%,8
https://oarcdigital.com/malta/sliema/cafe/revenue-automation,0,1,0%,8
https://oarcdigital.com/malta/sliema/hotel/ai-consulting,0,1,0%,8
https://oarcdigital.com/malta/st-julians/healthcare/ai-consulting,0,1,0%,8
https://oarcdigital.com/malta/valletta/fintech/social-media-creative-management,0,1,0%,8
https://oarcdigital.com/malta/valletta/igaming/web-design,0,1,0%,8
https://oarcdigital.com/tools/malta-digital-score,0,1,0%,8
https://oarcdigital.com/case-studies/cloudbase-technologies,0,1,0%,9
https://oarcdigital.com/malta/balzan/real-estate/video-production,0,1,0%,9
https://oarcdigital.com/malta/bugibba/ecommerce/digital-marketing,0,1,0%,9
https://oarcdigital.com/malta/fgura/spa-wellness/video-production,0,1,0%,9
https://oarcdigital.com/malta/hamrun/ai-consulting,0,1,0%,9
https://oarcdigital.com/malta/isla/construction/hire-ai-employees,0,1,0%,9
https://oarcdigital.com/malta/marsaskala/bar/social-media-creative-management,0,1,0%,9
https://oarcdigital.com/malta/mdina/gym-fitness/revenue-automation,0,1,0%,9
https://oarcdigital.com/malta/mellieha/construction/revenue-automation,0,1,0%,9
https://oarcdigital.com/malta/msida/construction/revenue-automation,0,1,0%,9
https://oarcdigital.com/malta/paola/spa-wellness/social-media-creative-management,0,1,0%,9
https://oarcdigital.com/malta/pembroke/law-firm/ai-consulting,0,1,0%,9
https://oarcdigital.com/malta/pieta/cafe/digital-marketing,0,1,0%,9
https://oarcdigital.com/malta/pieta/fintech/web-design,0,1,0%,9
https://oarcdigital.com/malta/rabat/ecommerce/hire-ai-employees,0,1,0%,9
https://oarcdigital.com/malta/rabat/hire-ai-employees,0,1,0%,9
https://oarcdigital.com/malta/rabat/retail/social-media-creative-management,0,1,0%,9
https://oarcdigital.com/malta/santa-venera/hotel/ai-copywriting,0,1,0%,9
https://oarcdigital.com/malta/santa-venera/spa-wellness/revenue-automation,0,1,0%,9
https://oarcdigital.com/malta/siggiewi/real-estate/revenue-automation,0,1,0%,9
https://oarcdigital.com/malta/sliema/ecommerce/digital-marketing,0,1,0%,9
https://oarcdigital.com/malta/sliema/igaming/paid-advertising,0,1,0%,9
https://oarcdigital.com/malta/valletta/cafe/video-production,0,1,0%,9
https://oarcdigital.com/malta/xghajra/fintech/hire-ai-employees,0,1,0%,9
https://oarcdigital.com/malta/zurrieq/law-firm/video-production,0,1,0%,9
https://oarcdigital.com/enterprise,0,1,0%,10
https://oarcdigital.com/malta/attard/construction/revenue-automation,0,1,0%,10
https://oarcdigital.com/malta/balzan/car-dealership/paid-advertising,0,1,0%,10
https://oarcdigital.com/malta/birgu/spa-wellness/digital-marketing,0,1,0%,10
https://oarcdigital.com/malta/fgura/hotel/hire-ai-employees,0,1,0%,10
https://oarcdigital.com/malta/ghaxaq/fintech/revenue-automation,0,1,0%,10
https://oarcdigital.com/malta/gudja/car-dealership/paid-advertising,0,1,0%,10
https://oarcdigital.com/malta/hamrun/igaming/social-media-creative-management,0,1,0%,10
https://oarcdigital.com/malta/iklin/cafe/digital-marketing,0,1,0%,10
https://oarcdigital.com/malta/marsa/healthcare/digital-marketing,0,1,0%,10
https://oarcdigital.com/malta/mellieha/hotel/digital-marketing,0,1,0%,10
https://oarcdigital.com/malta/paola/bar/social-media-creative-management,0,1,0%,10
https://oarcdigital.com/malta/pieta/hotel/social-media-creative-management,0,1,0%,10
https://oarcdigital.com/malta/pieta/retail/digital-marketing,0,1,0%,10
https://oarcdigital.com/malta/san-lawrenz/igaming/digital-marketing,0,1,0%,10
https://oarcdigital.com/malta/santa-venera/fintech/hire-ai-employees,0,1,0%,10
https://oarcdigital.com/malta/sliema/fintech/revenue-automation,0,1,0%,10
https://oarcdigital.com/malta/st-julians/bar/hire-ai-employees,0,1,0%,10
https://oarcdigital.com/malta/valletta/fintech/revenue-automation,0,1,0%,10
https://oarcdigital.com/malta/valletta/healthcare/ai-copywriting,0,1,0%,10
https://oarcdigital.com/malta/birkirkara/healthcare/revenue-automation,0,1,0%,11
https://oarcdigital.com/malta/birkirkara/igaming/social-media-creative-management,0,1,0%,11
https://oarcdigital.com/malta/bormla/gym-fitness/branding-services,0,1,0%,11
https://oarcdigital.com/malta/fgura/fintech/paid-advertising,0,1,0%,11
https://oarcdigital.com/malta/ghaxaq/cafe/ai-copywriting,0,1,0%,11
https://oarcdigital.com/malta/ghaxaq/gym-fitness/social-media-creative-management,0,1,0%,11
https://oarcdigital.com/malta/gzira/igaming/digital-marketing,0,1,0%,11
https://oarcdigital.com/malta/lija/real-estate/digital-marketing,0,1,0%,11
https://oarcdigital.com/malta/naxxar/construction/ai-consulting,0,1,0%,11
https://oarcdigital.com/malta/paola/car-dealership/branding-services,0,1,0%,11
https://oarcdigital.com/malta/san-pawl-il-bahar/real-estate/digital-marketing,0,1,0%,11
https://oarcdigital.com/malta/sliema/ecommerce/branding-services,0,1,0%,11
https://oarcdigital.com/malta/st-julians/ecommerce/ai-consulting,0,1,0%,11
https://oarcdigital.com/malta/st-julians/healthcare/hire-ai-employees,0,1,0%,11
https://oarcdigital.com/malta/swieqi/law-firm/web-design,0,1,0%,11
https://oarcdigital.com/malta/xghajra/gym-fitness/paid-advertising,0,1,0%,11
https://oarcdigital.com/malta/zejtun/fintech/digital-marketing,0,1,0%,11
https://oarcdigital.com/malta/birkirkara/bar/ai-consulting,0,1,0%,12
https://oarcdigital.com/malta/birzebbuga/healthcare/social-media-creative-management,0,1,0%,12
https://oarcdigital.com/malta/bormla/gym-fitness/video-production,0,1,0%,12
https://oarcdigital.com/malta/fgura/construction/branding-services,0,1,0%,12
https://oarcdigital.com/malta/fgura/gym-fitness/branding-services,0,1,0%,12
https://oarcdigital.com/malta/floriana/hotel/ai-consulting,0,1,0%,12
https://oarcdigital.com/malta/gudja/gym-fitness/branding-services,0,1,0%,12
https://oarcdigital.com/malta/mellieha/construction/ai-consulting,0,1,0%,12
https://oarcdigital.com/malta/msida/restaurant/hire-ai-employees,0,1,0%,12
https://oarcdigital.com/malta/naxxar/law-firm/social-media-creative-management,0,1,0%,12
https://oarcdigital.com/malta/paola/gym-fitness/branding-services,0,1,0%,12
https://oarcdigital.com/malta/swatar/spa-wellness/hire-ai-employees,0,1,0%,12
https://oarcdigital.com/malta/fgura/web-design,0,1,0%,13
https://oarcdigital.com/malta/san-pawl-il-bahar/revenue-automation,0,1,0%,13
https://oarcdigital.com/malta/swatar/cafe/paid-advertising,0,1,0%,13
https://oarcdigital.com/malta/swieqi/igaming/hire-ai-employees,0,1,0%,13
https://oarcdigital.com/malta/tarxien/real-estate/video-production,0,1,0%,13
https://oarcdigital.com/malta/zabbar/restaurant/hire-ai-employees,0,1,0%,13
https://oarcdigital.com/malta/zejtun/gym-fitness/revenue-automation,0,1,0%,13
https://oarcdigital.com/malta/cospicua/igaming/web-design,0,1,0%,14
https://oarcdigital.com/malta/mosta/fintech/web-design,0,1,0%,14
https://oarcdigital.com/malta/marsa/bar/video-production,0,1,0%,15
https://oarcdigital.com/malta/hamrun/construction/branding-services,0,1,0%,16
https://oarcdigital.com/malta/san-pawl-il-bahar/igaming/ai-consulting,0,1,0%,16
https://oarcdigital.com/malta/siggiewi/car-dealership/revenue-automation,0,1,0%,16
https://oarcdigital.com/malta/fgura/branding-services,0,1,0%,17
https://oarcdigital.com/malta/marsaxlokk/real-estate/ai-copywriting,0,1,0%,18
https://oarcdigital.com/malta/lija/construction/digital-marketing,0,1,0%,20
https://oarcdigital.com/malta/mdina/real-estate/ai-copywriting,0,1,0%,20
https://oarcdigital.com/malta/mellieha/construction/digital-marketing,0,1,0%,22
https://oarcdigital.com/malta/san-gwann/gym-fitness/web-design,0,1,0%,22
https://oarcdigital.com/malta/san-pawl-il-bahar/construction/web-design,0,1,0%,24
https://oarcdigital.com/malta/mellieha/construction/hire-ai-employees,0,1,0%,25
https://oarcdigital.com/malta/swatar/fintech/web-design,0,1,0%,25
https://oarcdigital.com/malta/mellieha/construction/ai-copywriting,0,1,0%,27
https://oarcdigital.com/malta/mellieha/construction/video-production,0,1,0%,29
https://oarcdigital.com/malta/qormi/igaming/branding-services,0,1,0%,29
https://oarcdigital.com/malta/marsa/bar/digital-marketing,0,1,0%,30
https://oarcdigital.com/malta/san-pawl-il-bahar/construction/video-production,0,1,0%,30
https://oarcdigital.com/malta/mellieha/restaurant/paid-advertising,0,1,0%,31
https://oarcdigital.com/malta/rabat/ecommerce/ai-consulting,0,1,0%,31
https://oarcdigital.com/malta/san-pawl-il-bahar/gym-fitness/digital-marketing,0,1,0%,32
https://oarcdigital.com/malta/santa-venera/car-dealership/video-production,0,1,0%,32
https://oarcdigital.com/malta/mellieha/bar/paid-advertising,0,1,0%,33
https://oarcdigital.com/malta/zejtun/construction/branding-services,0,1,0%,34
https://oarcdigital.com/malta/mellieha/fintech/digital-marketing,0,1,0%,35
https://oarcdigital.com/malta/luqa/spa-wellness/ai-consulting,0,1,0%,37
https://oarcdigital.com/malta/mellieha/retail/paid-advertising,0,1,0%,37
https://oarcdigital.com/malta/mosta/retail/web-design,0,1,0%,37
https://oarcdigital.com/malta/balzan/igaming/digital-marketing,0,1,0%,38
https://oarcdigital.com/malta/cospicua/construction/web-design,0,1,0%,38
https://oarcdigital.com/malta/msida/gym-fitness/digital-marketing,0,1,0%,38
https://oarcdigital.com/malta/swatar/construction/branding-services,0,1,0%,38
https://oarcdigital.com/malta/valletta/gym-fitness/ai-consulting,0,1,0%,38
https://oarcdigital.com/malta/lija/fintech/web-design,0,1,0%,39
https://oarcdigital.com/malta/mellieha/healthcare/paid-advertising,0,1,0%,39
https://oarcdigital.com/malta/isla/construction/video-production,0,1,0%,40
https://oarcdigital.com/malta/san-lawrenz/real-estate/branding-services,0,1,0%,40
https://oarcdigital.com/malta/balzan/retail/digital-marketing,0,1,0%,41
https://oarcdigital.com/malta/bugibba/gym-fitness/video-production,0,1,0%,41
https://oarcdigital.com/malta/valletta/spa-wellness/hire-ai-employees,0,1,0%,42
https://oarcdigital.com/malta/bormla/fintech/web-design,0,1,0%,45
https://oarcdigital.com/malta/rabat/real-estate/digital-marketing,0,1,0%,45
https://oarcdigital.com/malta/bormla/construction/hire-ai-employees,0,1,0%,46
https://oarcdigital.com/malta/floriana/car-dealership/ai-copywriting,0,1,0%,46
https://oarcdigital.com/malta/valletta/restaurant/paid-advertising,0,1,0%,48
https://oarcdigital.com/malta/sliema/igaming/revenue-automation,0,1,0%,49
https://oarcdigital.com/malta/cospicua/spa-wellness/web-design,0,1,0%,52
https://oarcdigital.com/malta/sliema/retail/social-media-creative-management,0,1,0%,52
https://oarcdigital.com/malta/san-lawrenz/spa-wellness/ai-consulting,0,1,0%,53
https://oarcdigital.com/malta/san-pawl-il-bahar/ecommerce/web-design,0,1,0%,54
https://oarcdigital.com/malta/cospicua/hotel/web-design,0,1,0%,55
https://oarcdigital.com/malta/swieqi/construction/ai-copywriting,0,1,0%,55
https://oarcdigital.com/malta/pembroke/real-estate/branding-services,0,1,0%,57
https://oarcdigital.com/malta/floriana/spa-wellness/ai-consulting,0,1,0%,58
https://oarcdigital.com/malta/cospicua/gym-fitness/web-design,0,1,0%,60
https://oarcdigital.com/malta/lija/igaming/digital-marketing,0,1,0%,61
https://oarcdigital.com/malta/marsa/construction/branding-services,0,1,0%,66
https://oarcdigital.com/malta/paola/hotel/hire-ai-employees,0,1,0%,66
https://oarcdigital.com/malta/santa-venera/fintech/web-design,0,1,0%,67
https://oarcdigital.com/malta/attard/hotel/paid-advertising,0,1,0%,70
https://oarcdigital.com/malta/attard/real-estate/branding-services,0,1,0%,71
https://oarcdigital.com/malta/mosta/hotel/web-design,0,1,0%,72
https://oarcdigital.com/malta/naxxar/spa-wellness/branding-services,0,1,0%,72
https://oarcdigital.com/malta/balzan/restaurant/branding-services,0,1,0%,73
https://oarcdigital.com/malta/swatar/retail/web-design,0,1,0%,73
https://oarcdigital.com/malta/valletta/ecommerce/paid-advertising,0,1,0%,73
https://oarcdigital.com/malta/marsaxlokk/healthcare/digital-marketing,0,1,0%,74
https://oarcdigital.com/malta/rabat/healthcare/video-production,0,1,0%,74
https://oarcdigital.com/malta/mdina/ecommerce/branding-services,0,1,0%,75
https://oarcdigital.com/malta/pembroke/construction/ai-copywriting,0,1,0%,76
https://oarcdigital.com/malta/mosta/retail/social-media-creative-management,0,1,0%,78
https://oarcdigital.com/malta/paola/hotel/digital-marketing,0,1,0%,79
https://oarcdigital.com/malta/mdina/spa-wellness/hire-ai-employees,0,1,0%,80
https://oarcdigital.com/malta/zurrieq/hotel/digital-marketing,0,1,0%,80
https://oarcdigital.com/malta/birkirkara/fintech/web-design,0,1,0%,81
https://oarcdigital.com/malta/gzira/retail/web-design,0,1,0%,81
https://oarcdigital.com/malta/mosta/bar/web-design,0,1,0%,81
https://oarcdigital.com/malta/siggiewi/hotel/digital-marketing,0,1,0%,81
https://oarcdigital.com/malta/swatar/hotel/digital-marketing,0,1,0%,81
https://oarcdigital.com/malta/attard/hotel/digital-marketing,0,1,0%,84
https://oarcdigital.com/malta/mosta/spa-wellness/web-design,0,1,0%,84
https://oarcdigital.com/malta/rabat/healthcare/hire-ai-employees,0,1,0%,84
https://oarcdigital.com/malta/birkirkara/construction/branding-services,0,1,0%,85
https://oarcdigital.com/malta/pieta/construction/video-production,0,1,0%,85
https://oarcdigital.com/malta/rabat/ecommerce/digital-marketing,0,1,0%,85
https://oarcdigital.com/malta/san-gwann/ai-copywriting,0,1,0%,86
https://oarcdigital.com/malta/st-julians/ecommerce/video-production,0,1,0%,86
https://oarcdigital.com/malta/mosta/healthcare/web-design,0,1,0%,87
https://oarcdigital.com/malta/xghajra/hotel/digital-marketing,0,1,0%,87
https://oarcdigital.com/malta/gzira/video-production,0,1,0%,88
https://oarcdigital.com/malta/birzebbuga/gym-fitness/web-design,0,1,0%,89
https://oarcdigital.com/malta/san-gwann/law-firm/social-media-creative-management,0,1,0%,89
https://oarcdigital.com/malta/luqa/fintech/web-design,0,1,0%,90
https://oarcdigital.com/malta/pieta/restaurant/social-media-creative-management,0,1,0%,90
https://oarcdigital.com/malta/mosta/car-dealership/web-design,0,1,0%,91
https://oarcdigital.com/malta/gudja/fintech/ai-consulting,0,1,0%,92
https://oarcdigital.com/malta/kirkop/fintech/web-design,0,1,0%,92
https://oarcdigital.com/malta/msida/igaming/branding-services,0,1,0%,92
https://oarcdigital.com/malta/swieqi/ecommerce/video-production,0,1,0%,92
https://oarcdigital.com/malta/attard/real-estate/digital-marketing,0,1,0%,93
https://oarcdigital.com/malta/naxxar/retail/ai-consulting,0,1,0%,93
https://oarcdigital.com/malta/pembroke/igaming/digital-marketing,0,1,0%,93
https://oarcdigital.com/malta/rabat/retail/paid-advertising,0,1,0%,93
https://oarcdigital.com/malta/swatar/igaming/branding-services,0,1,0%,93
https://oarcdigital.com/malta/kalkara/fintech/web-design,0,1,0%,94
https://oarcdigital.com/malta/san-pawl-il-bahar/law-firm/social-media-creative-management,0,1,0%,95
https://oarcdigital.com/malta/hamrun/hotel/revenue-automation,0,1,0%,98
https://oarcdigital.com/malta/balzan/fintech/ai-consulting,0,1,0%,99
https://oarcdigital.com/malta/bugibba/igaming/digital-marketing,0,1,0%,100
https://oarcdigital.com/malta/mosta/fintech/digital-marketing,0,1,0%,100
https://oarcdigital.com/malta/naxxar/fintech/web-design,0,1,0%,100
https://oarcdigital.com/malta/rabat/car-dealership/video-production,0,1,0%,110
https://oarcdigital.com/malta/marsaxlokk/fintech/digital-marketing,0,1,0%,113
https://oarcdigital.com/malta/floriana/ecommerce/video-production,0,1,0%,118
https://oarcdigital.com/malta/rabat/gym-fitness/video-production,0,1,0%,119
https://oarcdigital.com/malta/rabat/law-firm/video-production,0,1,0%,127
https://oarcdigital.com/malta/pembroke/spa-wellness/social-media-creative-management,0,1,0%,129
https://oarcdigital.com/malta/rabat/igaming/revenue-automation,0,1,0%,139
https://oarcdigital.com/malta/swieqi/healthcare/branding-services,0,1,0%,183