Top queries,Clicks,Impressions,CTR,Position
digital marketing agency malta,0,65,0%,67.55
social media management malta,0,59,0%,64.53
digital marketing services malta,0,58,0%,70.05
digital agency malta,0,51,0%,73.14
digital transformation consulting malta,0,48,0%,29.52
ai automation malta,0,39,0%,28.05
digital aor,0,39,0%,46.69
social media marketing malta,0,39,0%,79.08
digital marketing malta,0,38,0%,72.58
digital transformation services malta,0,36,0%,37.22
creative & branding identity malta,0,35,0%,54.4
oarc,0,34,0%,8.65
malta marketing agency,0,32,0%,68.69
creative digital marketing agency malta,0,31,0%,63.48
web design malta,0,31,0%,70.39
digital agency in malta,0,30,0%,69.2
digital agency,0,28,0%,94.54
local seo malta,0,27,0%,21.89
branding agency malta,0,27,0%,29.41
digital marketing agency,0,27,0%,36.04
arc hotel digital services,0,27,0%,40.74
marketing agency malta,0,27,0%,63.11
automotive copywriting services,0,26,0%,5.15
web agency la valletta,0,26,0%,27.58
digital transformation malta,0,26,0%,37.62
creative marketing agency malta,0,26,0%,68.15
website design malta,0,26,0%,74.54
digital marketing firm,0,25,0%,73.68
marketing agency,0,24,0%,76.21
pay per click advertising malta,0,23,0%,29.61
construction design agency,0,23,0%,53.61
medical design agency,0,23,0%,61.09
creative digital agency malta,0,22,0%,56.86
ai company malta,0,22,0%,59.14
digital transformation company malta,0,21,0%,21.71
brand identity design malta,0,21,0%,62.05
arc workflow for hotels,0,21,0%,63
online marketing company malta,0,20,0%,78.55
ecommerce design malta,0,19,0%,71.84
social media agency malta,0,19,0%,72.53
digital marketing services agency,0,19,0%,76.26
digital marketing agency in malta,0,17,0%,67
financial brand identity design firm near me,0,16,0%,46.69
agency digital marketing,0,15,0%,43.33
social media consultancy malta,0,15,0%,67.67
digital strategy agency,0,15,0%,77.33
financial digital agency,0,15,0%,84.53
pay per click malta,0,14,0%,35.07
real estate design agency,0,14,0%,40.14
advertising agency malta,0,14,0%,47.64
branding identity services,0,14,0%,81.14
copywriting services,0,13,0%,13.62
marketing companies malta,0,13,0%,62
digital marketing agencies in malta,0,13,0%,66.69
digital marketing services in malta,0,13,0%,67.69
best seo agencies in malta,0,13,0%,67.92
authority marketing agency,0,13,0%,75.92
e-commerce copywriting services,0,12,0%,6.17
advertising agencies malta,0,12,0%,62.75
online marketing company,0,12,0%,77.75
digital marketing company malta,0,12,0%,79.75
arc digital solutions,0,11,0%,44.27
marketing company malta,0,11,0%,60.64
full service digital marketing agency malta,0,11,0%,64.55
digital agency of record,0,11,0%,67.45
marketing agency company,0,11,0%,69.55
digital marketing agencies malta,0,11,0%,70.36
copywriting service,0,10,0%,19.1
hospitality copywriting services,0,10,0%,48.6
aro digital,0,10,0%,55.6
digital marketing consultants,0,10,0%,64.2
conversational ai consultancy malta,0,10,0%,65.9
digital solution agency,0,10,0%,72.5
agency for digital marketing,0,10,0%,79.4
media digital agency,0,10,0%,79.8
digital campaign agency,0,10,0%,81.3
digital marketing providers,0,10,0%,83.7
igaming automation,0,9,0%,13.78
agentic ai consultant valletta,0,9,0%,15.89
online ad agency,0,9,0%,61.33
full-service digital agency,0,9,0%,64.67
media agencies,0,9,0%,68
digital marketing and advertising agency,0,9,0%,71.11
digital agency office,0,9,0%,73
online media agency,0,9,0%,73.89
it marketing agency,0,9,0%,75.22
online marketing agency malta,0,9,0%,75.78
agency for marketing,0,9,0%,76.44
digital market agency,0,9,0%,78.22
digital marketing agencies,0,9,0%,80
ai data consultants valletta,0,8,0%,12.75
digital marketing strategies malta,0,8,0%,46.62
retail ai consulting and development company,0,8,0%,52
media agency,0,8,0%,57.88
media ad agency,0,8,0%,70.38
automotive content marketing agency,0,8,0%,70.75
marketing agencies,0,8,0%,71.25
social media marketing strategy malta,0,8,0%,71.25
multimedia agencies,0,8,0%,72.25
mobile app design malta,0,8,0%,74.75
digital marketing,0,8,0%,75.88
marketing agency digital,0,8,0%,77.12
digital marketing company,0,8,0%,78.12
top advertising agency malta,0,7,0%,54.57
social marketing malta,0,7,0%,55
full service marketing agency in malta,0,7,0%,64
digital experience agency,0,7,0%,71
digital advertising agency,0,7,0%,73.29
digital service agency,0,7,0%,76
digital agency service,0,7,0%,78.71
identity design agency,0,7,0%,81.43
best web design company for startups in malta,0,7,0%,83.71
ecommerce malta,0,6,0%,20
email marketing campaigns malta,0,6,0%,22.83
pos system malta,0,6,0%,49.83
marketing agency in malta,0,6,0%,62
top advertising agencies malta,0,6,0%,63.33
online advertising agency,0,6,0%,64.33
digital ads agency,0,6,0%,68.33
digital marketing consultant malta,0,6,0%,72.17
digital media agencies,0,6,0%,72.33
the web ally seo services malta,0,6,0%,75.5
agencies digital,0,6,0%,77.5
digital agencies,0,6,0%,80.5
digital media agency,0,6,0%,80.83
digital+agency,0,6,0%,97.17
custom branding services,0,5,0%,20.2
e-commerce malta,0,5,0%,28
arc digital solutions uae,0,5,0%,36.2
digital content agency,0,5,0%,41.2
retail design in malta,0,5,0%,41.8
agency marketing,0,5,0%,49.6
advertising online agency,0,5,0%,54.4
social ads agency,0,5,0%,57
digital media advertising agency,0,5,0%,57.8
digital strategy agencies,0,5,0%,61.8
web marketing agency,0,5,0%,67.4
malta digital agency fashion industry,0,5,0%,69.4
small business branding malta,0,5,0%,75.4
ai for business malta,0,5,0%,76.2
digital marketing service,0,5,0%,76.2
digital and social agency,0,5,0%,77.6
marketing digital agency,0,5,0%,79.4
ai consulting alcoy,0,5,0%,94.6
www use ai eu st julians mt,0,4,0%,8
xghajra gym,0,4,0%,10.75
branding agency in malta,0,4,0%,12
ai training consultants valletta,0,4,0%,23.5
ai data consultants rabat,0,4,0%,24.5
digital creative agency,0,4,0%,41.25
android development malta,0,4,0%,49.25
marketing agencies malta,0,4,0%,57.75
marketing companies in malta,0,4,0%,60.5
digital ad agency,0,4,0%,64.5
online marketing agency,0,4,0%,66
content marketing consultant malta,0,4,0%,66.75
digital communication agency,0,4,0%,73.75
digital media marketing agency,0,4,0%,77
webdesign malta,0,4,0%,81.25
website development malta,0,4,0%,83.5
agency digital media,0,4,0%,88
web development agencies in cospicua malta,0,3,0%,4
pembroke gym,0,3,0%,23.67
pay per click service malta,0,3,0%,30.67
marketing and design agency,0,3,0%,41.67
digitalarc,0,3,0%,43.33
spa consultation ai agent,0,3,0%,46.67
full-service digital agency for growing enterprises,0,3,0%,55.33
media and marketing agencies,0,3,0%,58.33
digital marketing strategy agency,0,3,0%,63.33
best seo companies in malta,0,3,0%,68
services digital agency,0,3,0%,78
digital marketing firms,0,3,0%,82
digital performance marketing agency,0,3,0%,83.33
digital marketing consultancy,0,3,0%,84.33
digital agency specializing,0,3,0%,94
construction malta,0,2,0%,6.5
full service digital performance agency,0,2,0%,13
digital transformation in malta,0,2,0%,30
arc digital,0,2,0%,48
social media malta,0,2,0%,48.5
bar video production,0,2,0%,56
arc digital signage hospitality,0,2,0%,67
digital media marketing companies,0,2,0%,68
gym birzebbuga,0,2,0%,79.5
full service digital agency,0,2,0%,80.5
agency digital,0,2,0%,81.5
attard industrial estate,0,2,0%,81.5
malta web design,0,2,0%,82
or digital,0,1,0%,3
"""canabis pos"" -site:reddit.com -site:twitter.com -site:x.com -site:wykop.pl 
-site:tripadvisor.com -site:youtube.com -site:yelp.com -site:booking.com 
-site:facebook.com -site:instagram.com -site:tiktok.com",0,1,0%,5
digital zone zejtun,0,1,0%,7
oarc logo,0,1,0%,8
branding agency,0,1,0%,9
areot construction,0,1,0%,10
arodx,0,1,0%,10
santa venera ai,0,1,0%,10
www.use.ai/eu st. julians mt,0,1,0%,10
paola dealership,0,1,0%,11
webflow case study malta,0,1,0%,12
gym xghajra,0,1,0%,13
branding agent,0,1,0%,14
ai consulting st paul,0,1,0%,16
use ai eu st julians,0,1,0%,20
agentic ai consultants malta,0,1,0%,22
san gwann gym,0,1,0%,22
creative agency malta,0,1,0%,23
local seo malta salary,0,1,0%,28
ai data consultants malta,0,1,0%,31
audio video santa venera,0,1,0%,32
fitness marketing st paul,0,1,0%,32
dooh advertising malta,0,1,0%,34
opera pms malta,0,1,0%,36
digital marketing in malta,0,1,0%,41
social media services malta,0,1,0%,45
custom software development malta,0,1,0%,49
ai consultant for wellness companies,0,1,0%,53
copywriting for construction companies,0,1,0%,55
web ad agency,0,1,0%,57
responsive web design malta,0,1,0%,62
birzebbuga gym,0,1,0%,67
ai consulting for fintech industry,0,1,0%,70
food and drink design agency,0,1,0%,73
healthmark digital marketing,0,1,0%,74
digital marketing services,0,1,0%,75
copywriting for the construction industry,0,1,0%,76
paid social media agency,0,1,0%,77
webflow agency malta,0,1,0%,77
website agency malta,0,1,0%,84
video production cart,0,1,0%,86
marketing consultant malta,0,1,0%,87
web design malta web ally,0,1,0%,87
gzira filming locations,0,1,0%,88
"""activecampaign""",0,1,0%,90
looking for digital agency,0,1,0%,90
brand agency malta,0,1,0%,93
retail ai consulting,0,1,0%,93
agency marketing digital,0,1,0%,94
arc uae hotel technology,0,1,0%,96
web design near me,0,1,0%,99
online agency malta,0,1,0%,100