URL,Last crawled
https://oarcdigital.com/ai-agents,2026-04-17
https://oarcdigital.com/creative,2026-04-17
https://oarcdigital.com/,2026-04-17
https://oarcdigital.com/malta/mdina/retail/ai-copywriting,2026-04-16
https://oarcdigital.com/malta/lija/retail/ai-consulting,2026-04-16
https://oarcdigital.com/malta/pieta/igaming/branding-services,2026-04-16
https://oarcdigital.com/malta/zabbar/real-estate/ai-copywriting,2026-04-16
https://oarcdigital.com/blog/web-design-malta,2026-04-16
https://oarcdigital.com/blog/video-production-malta,2026-04-15
https://oarcdigital.com/malta/gzira/real-estate/branding-services,2026-04-14
https://oarcdigital.com/malta/balzan/fintech/paid-advertising,2026-04-14
https://oarcdigital.com/malta/san-lawrenz/fintech/ai-copywriting,2026-04-14
https://oarcdigital.com/malta/qormi/restaurant/social-media-creative-management,2026-04-14
https://oarcdigital.com/malta/mdina/retail/web-design,2026-04-14
https://oarcdigital.com/services/mvp-development,2026-04-14
https://oarcdigital.com/malta/mellieha/igaming/hire-ai-employees,2026-04-14
https://oarcdigital.com/malta/iklin/bar/branding-services,2026-04-14
https://oarcdigital.com/malta/rabat/bar/paid-advertising,2026-04-14
https://oarcdigital.com/malta/sliema/retail/hire-ai-employees,2026-04-14
https://oarcdigital.com/malta/msida/fintech/ai-consulting,2026-04-14
https://oarcdigital.com/malta/tarxien/restaurant/ai-copywriting,2026-04-14
https://oarcdigital.com/malta/marsaskala/real-estate/video-production,2026-04-14
https://oarcdigital.com/blog/marketing-trends-malta-2025,2026-04-14
https://oarcdigital.com/malta/san-gwann/revenue-automation,2026-04-14
https://oarcdigital.com/malta/tarxien/social-media-creative-management,2026-04-14
https://oarcdigital.com/malta/tarxien/paid-advertising,2026-04-14
https://oarcdigital.com/malta/birgu/hire-ai-employees,2026-04-14
https://oarcdigital.com/malta/san-pawl-il-bahar/branding-services,2026-04-14
https://oarcdigital.com/malta/san-pawl-il-bahar/car-dealership/web-design,2026-04-14
https://oarcdigital.com/malta/isla/hotel/ai-copywriting,2026-04-14
https://oarcdigital.com/malta/zabbar/gym-fitness/digital-marketing,2026-04-14
https://oarcdigital.com/malta/naxxar/bar/hire-ai-employees,2026-04-14
https://oarcdigital.com/malta/birgu/ecommerce/ai-consulting,2026-04-14
https://oarcdigital.com/malta/mellieha/healthcare/social-media-creative-management,2026-04-14
https://oarcdigital.com/malta/hamrun/ecommerce/paid-advertising,2026-04-14
https://oarcdigital.com/malta/swieqi/ecommerce/video-production,2026-04-14
https://oarcdigital.com/malta/xghajra/healthcare/hire-ai-employees,2026-04-14
https://oarcdigital.com/malta/marsa/gym-fitness/hire-ai-employees,2026-04-14
https://oarcdigital.com/malta/msida/retail/ai-consulting,2026-04-14
https://oarcdigital.com/malta/san-lawrenz/law-firm/branding-services,2026-04-14
https://oarcdigital.com/malta/birzebbuga/car-dealership/paid-advertising,2026-04-14
https://oarcdigital.com/malta/tarxien/spa-wellness/revenue-automation,2026-04-14
https://oarcdigital.com/malta/zejtun/real-estate/hire-ai-employees,2026-04-14
https://oarcdigital.com/malta/floriana/healthcare/social-media-creative-management,2026-04-13
https://oarcdigital.com/malta/tarxien/igaming/hire-ai-employees,2026-04-13
https://oarcdigital.com/malta/fgura/restaurant/revenue-automation,2026-04-13
https://oarcdigital.com/malta/san-gwann/healthcare/ai-copywriting,2026-04-13
https://oarcdigital.com/malta/hamrun/ai-consulting,2026-04-13
https://oarcdigital.com/malta/pieta/restaurant/digital-marketing,2026-04-13
https://oarcdigital.com/malta/sliema/fintech/social-media-creative-management,2026-04-13
https://oarcdigital.com/malta/pieta/igaming/ai-copywriting,2026-04-13
https://oarcdigital.com/malta/pembroke/healthcare/ai-consulting,2026-04-13
https://oarcdigital.com/malta/san-gwann/hotel/ai-consulting,2026-04-13
https://oarcdigital.com/malta/fgura/restaurant/branding-services,2026-04-13
https://oarcdigital.com/malta/msida/construction/web-design,2026-04-13
https://oarcdigital.com/malta/marsaxlokk/igaming/ai-consulting,2026-04-13
https://oarcdigital.com/malta/birzebbuga/hotel/revenue-automation,2026-04-13
https://oarcdigital.com/malta/zejtun/retail/ai-consulting,2026-04-13
https://oarcdigital.com/malta/kalkara/cafe/ai-consulting,2026-04-13
https://oarcdigital.com/malta/isla/car-dealership/branding-services,2026-04-13
https://oarcdigital.com/malta/tarxien/healthcare/ai-consulting,2026-04-13
https://oarcdigital.com/malta/birkirkara/retail/revenue-automation,2026-04-13
https://oarcdigital.com/malta/swatar/hotel/video-production,2026-04-13
https://oarcdigital.com/malta/bugibba/healthcare/hire-ai-employees,2026-04-13
https://oarcdigital.com/malta/bugibba/bar/ai-copywriting,2026-04-13
https://oarcdigital.com/malta/mqabba/retail/digital-marketing,2026-04-13
https://oarcdigital.com/malta/zurrieq/bar/digital-marketing,2026-04-13
https://oarcdigital.com/malta/zejtun/real-estate/ai-consulting,2026-04-13
https://oarcdigital.com/malta/bormla/fintech/ai-consulting,2026-04-13
https://oarcdigital.com/malta/mdina/cafe/revenue-automation,2026-04-13
https://oarcdigital.com/malta/qormi/retail/ai-copywriting,2026-04-13
https://oarcdigital.com/malta/paola/web-design,2026-04-13
https://oarcdigital.com/malta/mdina/web-design,2026-04-13
https://oarcdigital.com/malta/birkirkara/paid-advertising,2026-04-13
https://oarcdigital.com/malta/mellieha/paid-advertising,2026-04-13
https://oarcdigital.com/malta/mellieha/branding-services,2026-04-13
https://oarcdigital.com/malta/sliema/retail/digital-marketing,2026-04-13
https://oarcdigital.com/malta/siggiewi/bar/ai-consulting,2026-04-13
https://oarcdigital.com/malta/zabbar/real-estate/revenue-automation,2026-04-13
https://oarcdigital.com/malta/xghajra/retail/branding-services,2026-04-13
https://oarcdigital.com/malta/sliema/fintech/paid-advertising,2026-04-13
https://oarcdigital.com/malta/mellieha/bar/paid-advertising,2026-04-13
https://oarcdigital.com/malta/swieqi/fintech/ai-consulting,2026-04-13
https://oarcdigital.com/malta/luqa/hotel/ai-consulting,2026-04-13
https://oarcdigital.com/malta/attard/restaurant/video-production,2026-04-13
https://oarcdigital.com/malta/attard/car-dealership/web-design,2026-04-13
https://oarcdigital.com/malta/marsaxlokk/law-firm/branding-services,2026-04-13
https://oarcdigital.com/malta/marsa/spa-wellness/social-media-creative-management,2026-04-13
https://oarcdigital.com/malta/gudja/spa-wellness/paid-advertising,2026-04-13
https://oarcdigital.com/malta/xghajra/igaming/revenue-automation,2026-04-13
https://oarcdigital.com/malta/birgu/retail/branding-services,2026-04-13
https://oarcdigital.com/malta/attard/hotel/video-production,2026-04-13
https://oarcdigital.com/malta/ghaxaq/ecommerce/ai-consulting,2026-04-13
https://oarcdigital.com/malta/kalkara/gym-fitness/ai-consulting,2026-04-13
https://oarcdigital.com/malta/valletta/cafe/hire-ai-employees,2026-04-13
https://oarcdigital.com/malta/gzira/car-dealership/ai-copywriting,2026-04-13
https://oarcdigital.com/malta/swatar/car-dealership/revenue-automation,2026-04-13
https://oarcdigital.com/malta/marsaskala/igaming/video-production,2026-04-13
https://oarcdigital.com/malta/ghaxaq/construction/social-media-creative-management,2026-04-13
https://oarcdigital.com/malta/mdina/bar/hire-ai-employees,2026-04-13
https://oarcdigital.com/malta/floriana/healthcare/web-design,2026-04-13
https://oarcdigital.com/malta/siggiewi/car-dealership/ai-copywriting,2026-04-13
https://oarcdigital.com/malta/rabat/fintech/digital-marketing,2026-04-13
https://oarcdigital.com/malta/siggiewi/spa-wellness/social-media-creative-management,2026-04-13
https://oarcdigital.com/malta/birgu/fintech/paid-advertising,2026-04-13
https://oarcdigital.com/malta/cospicua/ecommerce/ai-copywriting,2026-04-13
https://oarcdigital.com/malta/attard/spa-wellness/social-media-creative-management,2026-04-13
https://oarcdigital.com/malta/fgura/construction/hire-ai-employees,2026-04-13
https://oarcdigital.com/malta/mosta/cafe/web-design,2026-04-13
https://oarcdigital.com/malta/qormi/bar/hire-ai-employees,2026-04-13
https://oarcdigital.com/malta/mdina/construction/web-design,2026-04-13
https://oarcdigital.com/malta/qormi/restaurant/branding-services,2026-04-13
https://oarcdigital.com/malta/marsaxlokk/ecommerce/ai-consulting,2026-04-13
https://oarcdigital.com/malta/tarxien/fintech/branding-services,2026-04-13
https://oarcdigital.com/malta/gzira/construction/branding-services,2026-04-13
https://oarcdigital.com/malta/birkirkara/fintech/video-production,2026-04-13
https://oarcdigital.com/malta/qormi/paid-advertising,2026-04-13
https://oarcdigital.com/malta/st-julians/law-firm/branding-services,2026-04-13
https://oarcdigital.com/malta/san-pawl-il-bahar/law-firm/ai-consulting,2026-04-13
https://oarcdigital.com/malta/marsaxlokk/digital-marketing,2026-04-13
https://oarcdigital.com/malta/naxxar/gym-fitness/revenue-automation,2026-04-13
https://oarcdigital.com/malta/floriana/construction/web-design,2026-04-13
https://oarcdigital.com/malta/tarxien/gym-fitness/digital-marketing,2026-04-13
https://oarcdigital.com/malta/mdina/car-dealership/social-media-creative-management,2026-04-13
https://oarcdigital.com/malta/floriana/fintech/social-media-creative-management,2026-04-13
https://oarcdigital.com/malta/pieta/gym-fitness/digital-marketing,2026-04-13
https://oarcdigital.com/malta/balzan/restaurant/revenue-automation,2026-04-13
https://oarcdigital.com/malta/marsaxlokk/fintech/digital-marketing,2026-04-13
https://oarcdigital.com/malta/birkirkara/restaurant/ai-copywriting,2026-04-13
https://oarcdigital.com/malta/paola/real-estate/hire-ai-employees,2026-04-13
https://oarcdigital.com/malta/pembroke/retail/ai-copywriting,2026-04-13
https://oarcdigital.com/malta/swatar/retail/web-design,2026-04-13
https://oarcdigital.com/malta/san-pawl-il-bahar/ecommerce/web-design,2026-04-13
https://oarcdigital.com/malta/siggiewi/real-estate/video-production,2026-04-13
https://oarcdigital.com/malta/bormla/hotel/digital-marketing,2026-04-13
https://oarcdigital.com/malta/kalkara/ecommerce/ai-copywriting,2026-04-13
https://oarcdigital.com/malta/swieqi/cafe/digital-marketing,2026-04-13
https://oarcdigital.com/malta/paola/retail/digital-marketing,2026-04-13
https://oarcdigital.com/malta/paola/car-dealership/paid-advertising,2026-04-13
https://oarcdigital.com/malta/marsaskala/ecommerce/web-design,2026-04-13
https://oarcdigital.com/malta/mosta/law-firm/revenue-automation,2026-04-13
https://oarcdigital.com/malta/zurrieq/gym-fitness/branding-services,2026-04-13
https://oarcdigital.com/malta/san-lawrenz/bar/paid-advertising,2026-04-13
https://oarcdigital.com/malta/valletta/car-dealership/web-design,2026-04-13
https://oarcdigital.com/malta/qormi/real-estate/revenue-automation,2026-04-13
https://oarcdigital.com/malta/cospicua/law-firm/web-design,2026-04-13
https://oarcdigital.com/malta/attard/spa-wellness/revenue-automation,2026-04-13
https://oarcdigital.com/malta/marsa/healthcare/web-design,2026-04-13
https://oarcdigital.com/malta/zejtun/healthcare/ai-consulting,2026-04-13
https://oarcdigital.com/malta/swieqi/igaming/social-media-creative-management,2026-04-13
https://oarcdigital.com/malta/swieqi/healthcare/hire-ai-employees,2026-04-13
https://oarcdigital.com/malta/balzan/igaming/digital-marketing,2026-04-13
https://oarcdigital.com/malta/lija/healthcare/digital-marketing,2026-04-13
https://oarcdigital.com/malta/ghaxaq/ecommerce/digital-marketing,2026-04-13
https://oarcdigital.com/malta/san-lawrenz/retail/hire-ai-employees,2026-04-13
https://oarcdigital.com/malta/rabat/healthcare/digital-marketing,2026-04-13
https://oarcdigital.com/malta/pembroke/spa-wellness/video-production,2026-04-13
https://oarcdigital.com/malta/valletta/healthcare/revenue-automation,2026-04-13
https://oarcdigital.com/malta/iklin/hotel/ai-consulting,2026-04-13
https://oarcdigital.com/malta/tarxien/car-dealership/paid-advertising,2026-04-13
https://oarcdigital.com/malta/kirkop/retail/ai-consulting,2026-04-13
https://oarcdigital.com/malta/gudja/ecommerce/video-production,2026-04-13
https://oarcdigital.com/malta/san-pawl-il-bahar/igaming/ai-consulting,2026-04-13
https://oarcdigital.com/malta/swieqi/fintech/video-production,2026-04-13
https://oarcdigital.com/malta/swatar/law-firm/video-production,2026-04-13
https://oarcdigital.com/malta/san-pawl-il-bahar/construction/web-design,2026-04-13
https://oarcdigital.com/solutions,2026-04-13
https://oarcdigital.com/malta/zabbar/fintech/paid-advertising,2026-04-13
https://oarcdigital.com/malta/attard/igaming/revenue-automation,2026-04-13
https://oarcdigital.com/malta/zejtun/construction/branding-services,2026-04-13
https://oarcdigital.com/malta/marsa/restaurant/revenue-automation,2026-04-13
https://oarcdigital.com/malta/bormla/gym-fitness/ai-copywriting,2026-04-13
https://oarcdigital.com/malta/swatar/restaurant/revenue-automation,2026-04-13
https://oarcdigital.com/malta/balzan/bar/revenue-automation,2026-04-13
https://oarcdigital.com/malta/zabbar/construction/paid-advertising,2026-04-13
https://oarcdigital.com/malta/xghajra/bar/digital-marketing,2026-04-13
https://oarcdigital.com/malta/ghaxaq/cafe/revenue-automation,2026-04-13
https://oarcdigital.com/malta/hamrun/construction/digital-marketing,2026-04-13
https://oarcdigital.com/malta/msida/spa-wellness/social-media-creative-management,2026-04-13
https://oarcdigital.com/malta/birzebbuga/retail/web-design,2026-04-13
https://oarcdigital.com/malta/san-gwann/ecommerce/web-design,2026-04-13
https://oarcdigital.com/malta/lija/restaurant/web-design,2026-04-13
https://oarcdigital.com/malta/kalkara/construction/ai-consulting,2026-04-13
https://oarcdigital.com/malta/swatar/gym-fitness/branding-services,2026-04-13
https://oarcdigital.com/malta/fgura/bar/ai-copywriting,2026-04-13
https://oarcdigital.com/malta/birkirkara/healthcare/web-design,2026-04-13
https://oarcdigital.com/malta/swatar/bar/hire-ai-employees,2026-04-13
https://oarcdigital.com/malta/swieqi/retail/web-design,2026-04-13
https://oarcdigital.com/malta/isla/ecommerce/branding-services,2026-04-13
https://oarcdigital.com/malta/naxxar/restaurant/social-media-creative-management,2026-04-13
https://oarcdigital.com/malta/zejtun/construction/hire-ai-employees,2026-04-13
https://oarcdigital.com/malta/st-julians/law-firm/social-media-creative-management,2026-04-13
https://oarcdigital.com/malta/luqa/restaurant/paid-advertising,2026-04-13
https://oarcdigital.com/malta/st-julians/healthcare/hire-ai-employees,2026-04-13
https://oarcdigital.com/malta/rabat/igaming/digital-marketing,2026-04-13
https://oarcdigital.com/malta/st-julians/gym-fitness/digital-marketing,2026-04-13
https://oarcdigital.com/malta/zejtun/cafe/video-production,2026-04-13
https://oarcdigital.com/malta/msida/law-firm/hire-ai-employees,2026-04-13
https://oarcdigital.com/malta/balzan/restaurant/social-media-creative-management,2026-04-13
https://oarcdigital.com/malta/balzan/igaming/revenue-automation,2026-04-13
https://oarcdigital.com/malta/ghaxaq/restaurant/web-design,2026-04-13
https://oarcdigital.com/malta/bugibba/retail/branding-services,2026-04-13
https://oarcdigital.com/malta/mdina/igaming/social-media-creative-management,2026-04-13
https://oarcdigital.com/malta/kalkara/igaming/branding-services,2026-04-13
https://oarcdigital.com/malta/swatar/spa-wellness/digital-marketing,2026-04-13
https://oarcdigital.com/malta/pembroke/real-estate/ai-copywriting,2026-04-13
https://oarcdigital.com/malta/san-pawl-il-bahar/car-dealership/video-production,2026-04-13
https://oarcdigital.com/malta/zejtun/law-firm/digital-marketing,2026-04-13
https://oarcdigital.com/malta/floriana/law-firm/branding-services,2026-04-13
https://oarcdigital.com/malta/marsa/hotel/social-media-creative-management,2026-04-13
https://oarcdigital.com/malta/isla/gym-fitness/branding-services,2026-04-13
https://oarcdigital.com/malta/mellieha/real-estate/web-design,2026-04-13
https://oarcdigital.com/malta/luqa/spa-wellness/social-media-creative-management,2026-04-13
https://oarcdigital.com/malta/sliema/real-estate/digital-marketing,2026-04-13
https://oarcdigital.com/malta/tarxien/ecommerce/video-production,2026-04-13
https://oarcdigital.com/malta/zejtun/fintech/social-media-creative-management,2026-04-13
https://oarcdigital.com/malta/san-gwann/igaming/social-media-creative-management,2026-04-13
https://oarcdigital.com/malta/swieqi/gym-fitness/hire-ai-employees,2026-04-13
https://oarcdigital.com/malta/san-pawl-il-bahar/retail/video-production,2026-04-13
https://oarcdigital.com/malta/san-pawl-il-bahar/igaming/social-media-creative-management,2026-04-13
https://oarcdigital.com/malta/zejtun/car-dealership/web-design,2026-04-13
https://oarcdigital.com/malta/siggiewi/ecommerce/branding-services,2026-04-13
https://oarcdigital.com/malta/bormla/healthcare/paid-advertising,2026-04-13
https://oarcdigital.com/malta/ghaxaq/real-estate/digital-marketing,2026-04-13
https://oarcdigital.com/malta/mdina/spa-wellness/ai-consulting,2026-04-13
https://oarcdigital.com/malta/gudja/real-estate/social-media-creative-management,2026-04-13
https://oarcdigital.com/malta/zabbar/healthcare/social-media-creative-management,2026-04-13
https://oarcdigital.com/malta/santa-venera/ecommerce/ai-consulting,2026-04-13
https://oarcdigital.com/malta/ghaxaq/spa-wellness/video-production,2026-04-13
https://oarcdigital.com/malta/zejtun/ecommerce/digital-marketing,2026-04-13
https://oarcdigital.com/malta/valletta/healthcare/ai-consulting,2026-04-13
https://oarcdigital.com/malta/hamrun/cafe/digital-marketing,2026-04-13
https://oarcdigital.com/malta/balzan/real-estate/ai-copywriting,2026-04-13
https://oarcdigital.com/malta/msida/hotel/social-media-creative-management,2026-04-13
https://oarcdigital.com/malta/zurrieq/construction/social-media-creative-management,2026-04-13
https://oarcdigital.com/malta/bugibba/retail/hire-ai-employees,2026-04-13
https://oarcdigital.com/malta/paola/spa-wellness/social-media-creative-management,2026-04-13
https://oarcdigital.com/malta/birkirkara/hotel/ai-copywriting,2026-04-13
https://oarcdigital.com/malta/san-lawrenz/spa-wellness/social-media-creative-management,2026-04-13
https://oarcdigital.com/malta/rabat/bar/video-production,2026-04-13
https://oarcdigital.com/malta/birzebbuga/hotel/ai-copywriting,2026-04-13
https://oarcdigital.com/malta/balzan/fintech/hire-ai-employees,2026-04-13
https://oarcdigital.com/malta/gzira/construction/revenue-automation,2026-04-13
https://oarcdigital.com/malta/mellieha/restaurant/branding-services,2026-04-13
https://oarcdigital.com/malta/swieqi/fintech/web-design,2026-04-13
https://oarcdigital.com/malta/mdina/spa-wellness/revenue-automation,2026-04-13
https://oarcdigital.com/malta/balzan/hotel/branding-services,2026-04-13
https://oarcdigital.com/malta/balzan/gym-fitness/revenue-automation,2026-04-13
https://oarcdigital.com/malta/siggiewi/hotel/digital-marketing,2026-04-13
https://oarcdigital.com/malta/valletta/cafe/paid-advertising,2026-04-13
https://oarcdigital.com/malta/kalkara/construction/social-media-creative-management,2026-04-13
https://oarcdigital.com/malta/zejtun/hotel/branding-services,2026-04-13
https://oarcdigital.com/malta/st-julians/real-estate/video-production,2026-04-13
https://oarcdigital.com/malta/lija/ecommerce/digital-marketing,2026-04-13
https://oarcdigital.com/malta/isla/ecommerce/web-design,2026-04-13
https://oarcdigital.com/malta/msida/real-estate/hire-ai-employees,2026-04-13
https://oarcdigital.com/malta/marsaskala/retail/social-media-creative-management,2026-04-13
https://oarcdigital.com/malta/paola/healthcare/revenue-automation,2026-04-13
https://oarcdigital.com/malta/paola/fintech/video-production,2026-04-13
https://oarcdigital.com/malta/paola/fintech/hire-ai-employees,2026-04-13
https://oarcdigital.com/malta/zurrieq/car-dealership/web-design,2026-04-13
https://oarcdigital.com/malta/pieta/fintech/video-production,2026-04-13
https://oarcdigital.com/malta/san-pawl-il-bahar/retail/ai-copywriting,2026-04-13
https://oarcdigital.com/malta/gzira/gym-fitness/digital-marketing,2026-04-13
https://oarcdigital.com/malta/cospicua/construction/digital-marketing,2026-04-13
https://oarcdigital.com/malta/fgura/fintech/ai-consulting,2026-04-13
https://oarcdigital.com/malta/san-lawrenz/ecommerce/hire-ai-employees,2026-04-13
https://oarcdigital.com/malta/santa-venera/retail/ai-consulting,2026-04-13
https://oarcdigital.com/malta/isla/car-dealership/paid-advertising,2026-04-13
https://oarcdigital.com/malta/pieta/retail/ai-copywriting,2026-04-13
https://oarcdigital.com/malta/gudja/gym-fitness/branding-services,2026-04-13
https://oarcdigital.com/malta/san-lawrenz/real-estate/hire-ai-employees,2026-04-13
https://oarcdigital.com/malta/kirkop/car-dealership/branding-services,2026-04-13
https://oarcdigital.com/malta/pembroke/restaurant/digital-marketing,2026-04-13
https://oarcdigital.com/malta/marsaxlokk/cafe/hire-ai-employees,2026-04-13
https://oarcdigital.com/malta/rabat/ecommerce/hire-ai-employees,2026-04-13
https://oarcdigital.com/malta/cospicua/gym-fitness/hire-ai-employees,2026-04-13
https://oarcdigital.com/malta/san-gwann/spa-wellness/video-production,2026-04-13
https://oarcdigital.com/malta/marsaskala/real-estate/revenue-automation,2026-04-13
https://oarcdigital.com/malta/pembroke/ecommerce/branding-services,2026-04-13
https://oarcdigital.com/malta/zejtun/bar/paid-advertising,2026-04-13
https://oarcdigital.com/malta/marsa/spa-wellness/paid-advertising,2026-04-13
https://oarcdigital.com/malta/attard/restaurant/hire-ai-employees,2026-04-13
https://oarcdigital.com/malta/mdina/ecommerce/hire-ai-employees,2026-04-13
https://oarcdigital.com/malta/msida/bar/ai-consulting,2026-04-13
https://oarcdigital.com/malta/qormi/hotel/ai-copywriting,2026-04-13
https://oarcdigital.com/malta/mqabba/gym-fitness/ai-consulting,2026-04-13
https://oarcdigital.com/malta/bugibba/car-dealership/digital-marketing,2026-04-13
https://oarcdigital.com/malta/naxxar/fintech/social-media-creative-management,2026-04-13
https://oarcdigital.com/malta/san-pawl-il-bahar/fintech/ai-copywriting,2026-04-13
https://oarcdigital.com/malta/balzan/ai-copywriting,2026-04-13
https://oarcdigital.com/malta/paola/paid-advertising,2026-04-13
https://oarcdigital.com/malta/xghajra/gym-fitness/hire-ai-employees,2026-04-13
https://oarcdigital.com/malta/bugibba/construction/branding-services,2026-04-13
https://oarcdigital.com/malta/marsaskala/digital-marketing,2026-04-13
https://oarcdigital.com/malta/qormi/retail/branding-services,2026-04-13
https://oarcdigital.com/malta/zejtun/car-dealership/ai-consulting,2026-04-13
https://oarcdigital.com/malta/mosta/construction/revenue-automation,2026-04-13
https://oarcdigital.com/malta/mellieha/restaurant/paid-advertising,2026-04-13
https://oarcdigital.com/malta/msida/ecommerce/video-production,2026-04-13
https://oarcdigital.com/malta/mosta/igaming/digital-marketing,2026-04-13
https://oarcdigital.com/malta/floriana/healthcare/revenue-automation,2026-04-13
https://oarcdigital.com/malta/san-lawrenz/spa-wellness/web-design,2026-04-13
https://oarcdigital.com/malta/sliema/construction/ai-consulting,2026-04-13
https://oarcdigital.com/malta/san-gwann/fintech/ai-consulting,2026-04-13
https://oarcdigital.com/malta/pieta/restaurant/ai-consulting,2026-04-13
https://oarcdigital.com/malta/swatar/cafe/ai-consulting,2026-04-13
https://oarcdigital.com/malta/cospicua/construction/branding-services,2026-04-13
https://oarcdigital.com/malta/birgu/gym-fitness/ai-copywriting,2026-04-13
https://oarcdigital.com/malta/birkirkara/construction/ai-consulting,2026-04-13
https://oarcdigital.com/malta/gudja/hotel/ai-consulting,2026-04-13
https://oarcdigital.com/malta/gudja/hotel/social-media-creative-management,2026-04-13
https://oarcdigital.com/malta/mdina/car-dealership/ai-copywriting,2026-04-13
https://oarcdigital.com/malta/pembroke/fintech/web-design,2026-04-13
https://oarcdigital.com/malta/mosta/ecommerce/branding-services,2026-04-13
https://oarcdigital.com/malta/iklin/restaurant/branding-services,2026-04-13
https://oarcdigital.com/malta/sliema/ecommerce/ai-copywriting,2026-04-13
https://oarcdigital.com/malta/mosta/cafe/ai-consulting,2026-04-13
https://oarcdigital.com/malta/floriana/construction/video-production,2026-04-13
https://oarcdigital.com/malta/birkirkara/spa-wellness/hire-ai-employees,2026-04-13
https://oarcdigital.com/malta/xghajra/retail/digital-marketing,2026-04-13
https://oarcdigital.com/malta/san-lawrenz/ecommerce/ai-consulting,2026-04-13
https://oarcdigital.com/malta/mellieha/healthcare/digital-marketing,2026-04-13
https://oarcdigital.com/malta/tarxien/hotel/video-production,2026-04-13
https://oarcdigital.com/malta/marsaxlokk/retail/web-design,2026-04-13
https://oarcdigital.com/malta/birgu/gym-fitness/ai-consulting,2026-04-13
https://oarcdigital.com/malta/swatar/real-estate/hire-ai-employees,2026-04-13
https://oarcdigital.com/malta/balzan/gym-fitness/ai-copywriting,2026-04-13
https://oarcdigital.com/malta/swieqi/construction/digital-marketing,2026-04-13
https://oarcdigital.com/malta/lija/real-estate/web-design,2026-04-13
https://oarcdigital.com/malta/cospicua/real-estate/revenue-automation,2026-04-13
https://oarcdigital.com/malta/cospicua/fintech/branding-services,2026-04-13
https://oarcdigital.com/malta/zabbar/law-firm/paid-advertising,2026-04-13
https://oarcdigital.com/malta/xghajra/cafe/video-production,2026-04-13
https://oarcdigital.com/malta/xghajra/law-firm/video-production,2026-04-13
https://oarcdigital.com/malta/gzira/construction/social-media-creative-management,2026-04-13
https://oarcdigital.com/malta/sliema/bar/branding-services,2026-04-13
https://oarcdigital.com/malta/birkirkara/healthcare/social-media-creative-management,2026-04-13
https://oarcdigital.com/malta/san-pawl-il-bahar/construction/revenue-automation,2026-04-13
https://oarcdigital.com/malta/san-pawl-il-bahar/law-firm/video-production,2026-04-13
https://oarcdigital.com/blog/hospitality-marketing-malta,2026-04-13
https://oarcdigital.com/malta/gudja/fintech/ai-consulting,2026-04-13
https://oarcdigital.com/malta/ghaxaq/retail/ai-copywriting,2026-04-13
https://oarcdigital.com/malta/san-gwann/hotel/social-media-creative-management,2026-04-13
https://oarcdigital.com/malta/birzebbuga/bar/ai-consulting,2026-04-13
https://oarcdigital.com/malta/hamrun/retail/branding-services,2026-04-13
https://oarcdigital.com/malta/san-gwann/retail/revenue-automation,2026-04-13
https://oarcdigital.com/malta/gudja/ecommerce/revenue-automation,2026-04-13
https://oarcdigital.com/malta/mqabba/cafe/social-media-creative-management,2026-04-13
https://oarcdigital.com/malta/bugibba/igaming/paid-advertising,2026-04-13
https://oarcdigital.com/malta/siggiewi/restaurant/hire-ai-employees,2026-04-13
https://oarcdigital.com/malta/rabat/retail/hire-ai-employees,2026-04-13
https://oarcdigital.com/malta/bugibba/cafe/social-media-creative-management,2026-04-13
https://oarcdigital.com/malta/st-julians/gym-fitness/ai-consulting,2026-04-13
https://oarcdigital.com/malta/attard/restaurant/digital-marketing,2026-04-13
https://oarcdigital.com/malta/fgura/ecommerce/video-production,2026-04-13
https://oarcdigital.com/malta/balzan/gym-fitness/ai-consulting,2026-04-13
https://oarcdigital.com/malta/luqa/healthcare/social-media-creative-management,2026-04-13
https://oarcdigital.com/malta/birgu/hotel/hire-ai-employees,2026-04-13
https://oarcdigital.com/malta/gzira/healthcare/revenue-automation,2026-04-13
https://oarcdigital.com/malta/gzira/restaurant/video-production,2026-04-13
https://oarcdigital.com/malta/naxxar/law-firm/ai-consulting,2026-04-13
https://oarcdigital.com/malta/balzan/bar/web-design,2026-04-13
https://oarcdigital.com/malta/kirkop/cafe/ai-consulting,2026-04-13
https://oarcdigital.com/malta/gudja/hotel/revenue-automation,2026-04-13
https://oarcdigital.com/malta/birgu/cafe/ai-consulting,2026-04-13
https://oarcdigital.com/malta/lija/fintech/paid-advertising,2026-04-13
https://oarcdigital.com/malta/ghaxaq/bar/video-production,2026-04-13
https://oarcdigital.com/malta/santa-venera/restaurant/ai-consulting,2026-04-13
https://oarcdigital.com/malta/kalkara/car-dealership/branding-services,2026-04-13
https://oarcdigital.com/malta/swieqi/igaming/branding-services,2026-04-13
https://oarcdigital.com/malta/swieqi/gym-fitness/social-media-creative-management,2026-04-13
https://oarcdigital.com/malta/st-julians/construction/branding-services,2026-04-13
https://oarcdigital.com/malta/bormla/fintech/paid-advertising,2026-04-13
https://oarcdigital.com/malta/mqabba/spa-wellness/branding-services,2026-04-13
https://oarcdigital.com/malta/qormi/fintech/social-media-creative-management,2026-04-13
https://oarcdigital.com/malta/bugibba/spa-wellness/social-media-creative-management,2026-04-13
https://oarcdigital.com/malta/swieqi/ecommerce/branding-services,2026-04-13
https://oarcdigital.com/malta/san-lawrenz/fintech/social-media-creative-management,2026-04-13
https://oarcdigital.com/malta/pieta/law-firm/digital-marketing,2026-04-13
https://oarcdigital.com/malta/kalkara/fintech/web-design,2026-04-13
https://oarcdigital.com/malta/birgu/car-dealership/video-production,2026-04-13
https://oarcdigital.com/malta/msida/construction/hire-ai-employees,2026-04-13
https://oarcdigital.com/malta/swatar/restaurant/ai-consulting,2026-04-13
https://oarcdigital.com/malta/kirkop/gym-fitness/social-media-creative-management,2026-04-13
https://oarcdigital.com/malta/valletta/igaming/branding-services,2026-04-13
https://oarcdigital.com/malta/siggiewi/spa-wellness/paid-advertising,2026-04-13
https://oarcdigital.com/malta/zabbar/car-dealership/web-design,2026-04-13
https://oarcdigital.com/malta/marsaxlokk/car-dealership/social-media-creative-management,2026-04-13
https://oarcdigital.com/malta/floriana/cafe/social-media-creative-management,2026-04-13
https://oarcdigital.com/malta/gudja/gym-fitness/hire-ai-employees,2026-04-13
https://oarcdigital.com/malta/qormi/restaurant/video-production,2026-04-13
https://oarcdigital.com/malta/birgu/fintech/digital-marketing,2026-04-13
https://oarcdigital.com/malta/ghaxaq/cafe/video-production,2026-04-13
https://oarcdigital.com/malta/zabbar/bar/social-media-creative-management,2026-04-13
https://oarcdigital.com/malta/naxxar/igaming/hire-ai-employees,2026-04-13
https://oarcdigital.com/malta/zabbar/hotel/social-media-creative-management,2026-04-13
https://oarcdigital.com/malta/luqa/bar/branding-services,2026-04-13
https://oarcdigital.com/malta/iklin/restaurant/web-design,2026-04-13
https://oarcdigital.com/malta/tarxien/construction/ai-consulting,2026-04-13
https://oarcdigital.com/malta/attard/bar/revenue-automation,2026-04-13
https://oarcdigital.com/malta/san-pawl-il-bahar/video-production,2026-04-13
https://oarcdigital.com/malta/santa-venera/bar/web-design,2026-04-13
https://oarcdigital.com/malta/fgura/healthcare/social-media-creative-management,2026-04-13
https://oarcdigital.com/malta/marsa/gym-fitness/ai-copywriting,2026-04-13
https://oarcdigital.com/malta/gudja/cafe/paid-advertising,2026-04-13
https://oarcdigital.com/malta/marsaskala/healthcare/revenue-automation,2026-04-13
https://oarcdigital.com/malta/naxxar/car-dealership/ai-copywriting,2026-04-13
https://oarcdigital.com/malta/cospicua/igaming/web-design,2026-04-13
https://oarcdigital.com/malta/pieta/gym-fitness/social-media-creative-management,2026-04-13
https://oarcdigital.com/malta/cospicua/law-firm/branding-services,2026-04-13
https://oarcdigital.com/malta/mellieha/construction/branding-services,2026-04-13
https://oarcdigital.com/malta/floriana/restaurant/hire-ai-employees,2026-04-13
https://oarcdigital.com/malta/xghajra/hotel/branding-services,2026-04-13
https://oarcdigital.com/malta/sliema/construction/branding-services,2026-04-13
https://oarcdigital.com/malta/san-gwann/igaming/ai-consulting,2026-04-13
https://oarcdigital.com/malta/paola/healthcare/social-media-creative-management,2026-04-13
https://oarcdigital.com/malta/gzira/hotel/revenue-automation,2026-04-13
https://oarcdigital.com/malta/santa-venera/car-dealership/digital-marketing,2026-04-13
https://oarcdigital.com/malta/birkirkara/ecommerce/social-media-creative-management,2026-04-13
https://oarcdigital.com/malta/swieqi/car-dealership/digital-marketing,2026-04-13
https://oarcdigital.com/malta/balzan/fintech/digital-marketing,2026-04-13
https://oarcdigital.com/malta/pembroke/igaming/digital-marketing,2026-04-13
https://oarcdigital.com/malta/bormla/healthcare/branding-services,2026-04-13
https://oarcdigital.com/malta/attard/car-dealership/video-production,2026-04-13
https://oarcdigital.com/malta/zabbar/restaurant/social-media-creative-management,2026-04-13
https://oarcdigital.com/malta/fgura/ecommerce/hire-ai-employees,2026-04-13
https://oarcdigital.com/malta/bormla/construction/digital-marketing,2026-04-13
https://oarcdigital.com/malta/luqa/gym-fitness/social-media-creative-management,2026-04-13
https://oarcdigital.com/malta/mellieha/bar/ai-copywriting,2026-04-13
https://oarcdigital.com/malta/floriana/retail/social-media-creative-management,2026-04-13
https://oarcdigital.com/malta/msida/hotel/video-production,2026-04-13
https://oarcdigital.com/malta/swieqi/real-estate/ai-consulting,2026-04-13
https://oarcdigital.com/malta/birkirkara/spa-wellness/video-production,2026-04-13
https://oarcdigital.com/malta/gudja/restaurant/ai-consulting,2026-04-13
https://oarcdigital.com/malta/balzan/bar/paid-advertising,2026-04-13
https://oarcdigital.com/malta/kirkop/spa-wellness/digital-marketing,2026-04-13
https://oarcdigital.com/malta/attard/bar/paid-advertising,2026-04-13
https://oarcdigital.com/blog/ai-automation-malta,2026-04-13
https://oarcdigital.com/malta/pieta/construction/revenue-automation,2026-04-13
https://oarcdigital.com/malta/santa-venera/bar/revenue-automation,2026-04-13
https://oarcdigital.com/malta/zurrieq/car-dealership/branding-services,2026-04-13
https://oarcdigital.com/malta/zejtun/healthcare/ai-copywriting,2026-04-13
https://oarcdigital.com/malta/birgu/bar/revenue-automation,2026-04-13
https://oarcdigital.com/malta/kalkara/law-firm/social-media-creative-management,2026-04-13
https://oarcdigital.com/malta/swatar/ecommerce/digital-marketing,2026-04-13
https://oarcdigital.com/malta/balzan/gym-fitness/hire-ai-employees,2026-04-13
https://oarcdigital.com/malta/birkirkara/construction/paid-advertising,2026-04-13
https://oarcdigital.com/malta/gudja/retail/paid-advertising,2026-04-13
https://oarcdigital.com/malta/mellieha/gym-fitness/paid-advertising,2026-04-13
https://oarcdigital.com/malta/san-pawl-il-bahar/fintech/paid-advertising,2026-04-13
https://oarcdigital.com/malta/san-pawl-il-bahar/hotel/paid-advertising,2026-04-13
https://oarcdigital.com/malta/zejtun/cafe/ai-copywriting,2026-04-13
https://oarcdigital.com/malta/birgu/ecommerce/paid-advertising,2026-04-13
https://oarcdigital.com/malta/mosta/law-firm/ai-consulting,2026-04-13
https://oarcdigital.com/malta/mdina/igaming/web-design,2026-04-13
https://oarcdigital.com/malta/tarxien/hotel/digital-marketing,2026-04-13
https://oarcdigital.com/malta/balzan/igaming/video-production,2026-04-13
https://oarcdigital.com/malta/qormi/igaming/web-design,2026-04-13
https://oarcdigital.com/malta/valletta/ecommerce/hire-ai-employees,2026-04-13
https://oarcdigital.com/malta/balzan/ecommerce/revenue-automation,2026-04-13
https://oarcdigital.com/malta/luqa/car-dealership/ai-copywriting,2026-04-13
https://oarcdigital.com/malta/marsaskala/restaurant/revenue-automation,2026-04-13
https://oarcdigital.com/malta/iklin/retail/revenue-automation,2026-04-13
https://oarcdigital.com/malta/birgu/retail/video-production,2026-04-13
https://oarcdigital.com/malta/isla/hotel/revenue-automation,2026-04-13
https://oarcdigital.com/malta/marsaxlokk/restaurant/web-design,2026-04-13
https://oarcdigital.com/malta/balzan/real-estate/paid-advertising,2026-04-13
https://oarcdigital.com/malta/ghaxaq/car-dealership/web-design,2026-04-13
https://oarcdigital.com/malta/kirkop/law-firm/revenue-automation,2026-04-13
https://oarcdigital.com/malta/valletta/gym-fitness/hire-ai-employees,2026-04-13
https://oarcdigital.com/malta/tarxien/spa-wellness/branding-services,2026-04-13
https://oarcdigital.com/malta/msida/cafe/branding-services,2026-04-13
https://oarcdigital.com/malta/marsa/fintech/paid-advertising,2026-04-13
https://oarcdigital.com/malta/iklin/bar/revenue-automation,2026-04-13
https://oarcdigital.com/malta/mqabba/fintech/digital-marketing,2026-04-13
https://oarcdigital.com/malta/msida/car-dealership/digital-marketing,2026-04-13
https://oarcdigital.com/malta/santa-venera/spa-wellness/branding-services,2026-04-13
https://oarcdigital.com/malta/mellieha/cafe/video-production,2026-04-13
https://oarcdigital.com/malta/mosta/cafe/revenue-automation,2026-04-13
https://oarcdigital.com/malta/marsaskala/fintech/revenue-automation,2026-04-13
https://oarcdigital.com/malta/birgu/gym-fitness/video-production,2026-04-13
https://oarcdigital.com/malta/balzan/bar/video-production,2026-04-13
https://oarcdigital.com/malta/msida/car-dealership/paid-advertising,2026-04-13
https://oarcdigital.com/malta/mdina/ecommerce/digital-marketing,2026-04-13
https://oarcdigital.com/malta/naxxar/ecommerce/social-media-creative-management,2026-04-13
https://oarcdigital.com/malta/birkirkara/retail/social-media-creative-management,2026-04-13
https://oarcdigital.com/malta/msida/law-firm/social-media-creative-management,2026-04-13
https://oarcdigital.com/malta/mdina/construction/ai-consulting,2026-04-13
https://oarcdigital.com/malta/san-gwann/construction/branding-services,2026-04-13
https://oarcdigital.com/malta/attard/ecommerce/ai-consulting,2026-04-13
https://oarcdigital.com/malta/floriana/restaurant/digital-marketing,2026-04-13
https://oarcdigital.com/malta/bormla/gym-fitness/ai-consulting,2026-04-13
https://oarcdigital.com/malta/marsaxlokk/gym-fitness/paid-advertising,2026-04-13
https://oarcdigital.com/malta/birzebbuga/construction/branding-services,2026-04-13
https://oarcdigital.com/malta/birzebbuga/fintech/hire-ai-employees,2026-04-13
https://oarcdigital.com/malta/kalkara/spa-wellness/ai-consulting,2026-04-13
https://oarcdigital.com/malta/lija/fintech/hire-ai-employees,2026-04-13
https://oarcdigital.com/malta/tarxien/ecommerce/revenue-automation,2026-04-13
https://oarcdigital.com/malta/rabat/spa-wellness/web-design,2026-04-13
https://oarcdigital.com/malta/san-lawrenz/fintech/ai-consulting,2026-04-13
https://oarcdigital.com/malta/floriana/ecommerce/revenue-automation,2026-04-13
https://oarcdigital.com/malta/bugibba/restaurant/social-media-creative-management,2026-04-13
https://oarcdigital.com/malta/iklin/healthcare/revenue-automation,2026-04-13
https://oarcdigital.com/malta/bormla/retail/ai-consulting,2026-04-13
https://oarcdigital.com/malta/fgura/cafe/digital-marketing,2026-04-13
https://oarcdigital.com/malta/zabbar/cafe/video-production,2026-04-13
https://oarcdigital.com/malta/swieqi/real-estate/hire-ai-employees,2026-04-13
https://oarcdigital.com/malta/balzan/hotel/digital-marketing,2026-04-13
https://oarcdigital.com/malta/birkirkara/cafe/ai-copywriting,2026-04-13
https://oarcdigital.com/malta/marsaskala/cafe/hire-ai-employees,2026-04-13
https://oarcdigital.com/malta/cospicua/restaurant/paid-advertising,2026-04-13
https://oarcdigital.com/malta/kirkop/igaming/web-design,2026-04-13
https://oarcdigital.com/malta/pembroke/spa-wellness/digital-marketing,2026-04-13
https://oarcdigital.com/malta/hamrun/car-dealership/branding-services,2026-04-13
https://oarcdigital.com/malta/naxxar/hotel/ai-consulting,2026-04-13
https://oarcdigital.com/malta/ghaxaq/spa-wellness/revenue-automation,2026-04-13
https://oarcdigital.com/malta/msida/restaurant/web-design,2026-04-13
https://oarcdigital.com/malta/floriana/construction/social-media-creative-management,2026-04-13
https://oarcdigital.com/malta/zejtun/healthcare/web-design,2026-04-13
https://oarcdigital.com/malta/floriana/spa-wellness/hire-ai-employees,2026-04-13
https://oarcdigital.com/malta/mqabba/real-estate/hire-ai-employees,2026-04-13
https://oarcdigital.com/malta/swatar/ecommerce/web-design,2026-04-13
https://oarcdigital.com/malta/pembroke/retail/revenue-automation,2026-04-13
https://oarcdigital.com/malta/pembroke/igaming/ai-consulting,2026-04-13
https://oarcdigital.com/malta/floriana/cafe/ai-copywriting,2026-04-13
https://oarcdigital.com/malta/balzan/spa-wellness/paid-advertising,2026-04-13
https://oarcdigital.com/malta/mdina/restaurant/hire-ai-employees,2026-04-13
https://oarcdigital.com/malta/floriana/bar/hire-ai-employees,2026-04-13
https://oarcdigital.com/malta/balzan/real-estate/branding-services,2026-04-13
https://oarcdigital.com/malta/naxxar/construction/branding-services,2026-04-13
https://oarcdigital.com/malta/san-gwann/car-dealership/branding-services,2026-04-13
https://oarcdigital.com/malta/gzira/igaming/video-production,2026-04-13
https://oarcdigital.com/malta/marsaskala/igaming/hire-ai-employees,2026-04-13
https://oarcdigital.com/malta/mdina/real-estate/paid-advertising,2026-04-13
https://oarcdigital.com/malta/san-gwann/construction/social-media-creative-management,2026-04-13
https://oarcdigital.com/malta/santa-venera/construction/paid-advertising,2026-04-13
https://oarcdigital.com/malta/sliema/car-dealership/revenue-automation,2026-04-13
https://oarcdigital.com/malta/birzebbuga/cafe/paid-advertising,2026-04-13
https://oarcdigital.com/malta/bormla/bar/branding-services,2026-04-13
https://oarcdigital.com/malta/tarxien/cafe/hire-ai-employees,2026-04-13
https://oarcdigital.com/malta/kirkop/cafe/digital-marketing,2026-04-13
https://oarcdigital.com/malta/birkirkara/healthcare/hire-ai-employees,2026-04-13
https://oarcdigital.com/malta/gzira/igaming/ai-consulting,2026-04-13
https://oarcdigital.com/malta/lija/law-firm/branding-services,2026-04-13
https://oarcdigital.com/malta/st-julians/spa-wellness/video-production,2026-04-13
https://oarcdigital.com/malta/marsaxlokk/gym-fitness/revenue-automation,2026-04-13
https://oarcdigital.com/malta/xghajra/restaurant/revenue-automation,2026-04-13
https://oarcdigital.com/malta/paola/car-dealership/video-production,2026-04-13
https://oarcdigital.com/malta/gudja/construction/paid-advertising,2026-04-13
https://oarcdigital.com/malta/rabat/bar/revenue-automation,2026-04-13
https://oarcdigital.com/malta/birkirkara/igaming/revenue-automation,2026-04-13
https://oarcdigital.com/malta/gudja/car-dealership/digital-marketing,2026-04-13
https://oarcdigital.com/malta/hamrun/spa-wellness/hire-ai-employees,2026-04-13
https://oarcdigital.com/malta/santa-venera/fintech/branding-services,2026-04-13
https://oarcdigital.com/malta/san-gwann/real-estate/hire-ai-employees,2026-04-13
https://oarcdigital.com/malta/gudja/spa-wellness/branding-services,2026-04-13
https://oarcdigital.com/malta/zejtun/law-firm/social-media-creative-management,2026-04-13
https://oarcdigital.com/malta/swieqi/law-firm/web-design,2026-04-13
https://oarcdigital.com/malta/qormi/gym-fitness/revenue-automation,2026-04-13
https://oarcdigital.com/malta/san-gwann/hotel/video-production,2026-04-13
https://oarcdigital.com/malta/sliema/cafe/paid-advertising,2026-04-13
https://oarcdigital.com/malta/zabbar/ecommerce/paid-advertising,2026-04-13
https://oarcdigital.com/malta/kirkop/real-estate/paid-advertising,2026-04-13
https://oarcdigital.com/malta/lija/cafe/social-media-creative-management,2026-04-13
https://oarcdigital.com/malta/swatar/bar/web-design,2026-04-13
https://oarcdigital.com/malta/cospicua/healthcare/social-media-creative-management,2026-04-13
https://oarcdigital.com/malta/valletta/fintech/social-media-creative-management,2026-04-13
https://oarcdigital.com/malta/mellieha/spa-wellness/hire-ai-employees,2026-04-13
https://oarcdigital.com/malta/pembroke/retail/web-design,2026-04-13
https://oarcdigital.com/malta/swieqi/bar/video-production,2026-04-13
https://oarcdigital.com/malta/san-pawl-il-bahar/healthcare/hire-ai-employees,2026-04-13
https://oarcdigital.com/malta/balzan/retail/web-design,2026-04-13
https://oarcdigital.com/malta/birzebbuga/car-dealership/ai-consulting,2026-04-13
https://oarcdigital.com/malta/gzira/restaurant/hire-ai-employees,2026-04-13
https://oarcdigital.com/malta/mdina/construction/revenue-automation,2026-04-13
https://oarcdigital.com/malta/tarxien/spa-wellness/web-design,2026-04-13
https://oarcdigital.com/malta/msida/gym-fitness/video-production,2026-04-13
https://oarcdigital.com/malta/siggiewi/real-estate/hire-ai-employees,2026-04-13
https://oarcdigital.com/malta/pembroke/law-firm/revenue-automation,2026-04-13
https://oarcdigital.com/malta/lija/retail/paid-advertising,2026-04-13
https://oarcdigital.com/malta/zejtun/retail/ai-copywriting,2026-04-13
https://oarcdigital.com/malta/gudja/retail/hire-ai-employees,2026-04-13
https://oarcdigital.com/malta/isla/bar/hire-ai-employees,2026-04-13
https://oarcdigital.com/malta/mqabba/bar/video-production,2026-04-13
https://oarcdigital.com/malta/marsaskala/hotel/ai-copywriting,2026-04-13
https://oarcdigital.com/malta/st-julians/igaming/hire-ai-employees,2026-04-13
https://oarcdigital.com/malta/siggiewi/igaming/video-production,2026-04-13
https://oarcdigital.com/malta/rabat/hotel/video-production,2026-04-13
https://oarcdigital.com/malta/mellieha/retail/revenue-automation,2026-04-13
https://oarcdigital.com/malta/pembroke/law-firm/ai-copywriting,2026-04-13
https://oarcdigital.com/malta/msida/construction/revenue-automation,2026-04-13
https://oarcdigital.com/malta/balzan/restaurant/paid-advertising,2026-04-13
https://oarcdigital.com/malta/santa-venera/healthcare/ai-consulting,2026-04-13
https://oarcdigital.com/malta/birgu/paid-advertising,2026-04-13
https://oarcdigital.com/malta/swieqi/car-dealership/social-media-creative-management,2026-04-13
https://oarcdigital.com/malta/zurrieq/web-design,2026-04-13
https://oarcdigital.com/malta/siggiewi/healthcare/ai-copywriting,2026-04-13
https://oarcdigital.com/malta/paola/hotel/digital-marketing,2026-04-13
https://oarcdigital.com/malta/st-julians/hotel/web-design,2026-04-13
https://oarcdigital.com/malta/gudja/law-firm/hire-ai-employees,2026-04-13
https://oarcdigital.com/malta/swatar/fintech/web-design,2026-04-13
https://oarcdigital.com/malta/mqabba/healthcare/hire-ai-employees,2026-04-13
https://oarcdigital.com/malta/birzebbuga/healthcare/hire-ai-employees,2026-04-13
https://oarcdigital.com/malta/cospicua/cafe/ai-consulting,2026-04-13
https://oarcdigital.com/malta/attard/restaurant/paid-advertising,2026-04-13
https://oarcdigital.com/malta/fgura/retail/branding-services,2026-04-13
https://oarcdigital.com/malta/bugibba/healthcare/ai-consulting,2026-04-13
https://oarcdigital.com/malta/floriana/hotel/paid-advertising,2026-04-13
https://oarcdigital.com/malta/hamrun/construction/social-media-creative-management,2026-04-13
https://oarcdigital.com/malta/naxxar/spa-wellness/video-production,2026-04-13
https://oarcdigital.com/malta/mosta/cafe/paid-advertising,2026-04-13
https://oarcdigital.com/malta/siggiewi/restaurant/revenue-automation,2026-04-13
https://oarcdigital.com/malta/tarxien/ecommerce/ai-consulting,2026-04-13
https://oarcdigital.com/blog/local-seo-malta,2026-04-13
https://oarcdigital.com/malta/fgura/bar/social-media-creative-management,2026-04-13
https://oarcdigital.com/malta/zurrieq/real-estate/video-production,2026-04-13
https://oarcdigital.com/malta/kirkop/restaurant/branding-services,2026-04-13
https://oarcdigital.com/malta/ghaxaq/real-estate/social-media-creative-management,2026-04-13
https://oarcdigital.com/malta/luqa/car-dealership/revenue-automation,2026-04-13
https://oarcdigital.com/malta/mellieha/igaming/social-media-creative-management,2026-04-13
https://oarcdigital.com/malta/birkirkara/cafe/web-design,2026-04-13
https://oarcdigital.com/malta/qormi/spa-wellness/revenue-automation,2026-04-13
https://oarcdigital.com/malta/rabat/fintech/paid-advertising,2026-04-13
https://oarcdigital.com/malta/mellieha/car-dealership/video-production,2026-04-13
https://oarcdigital.com/malta/paola/real-estate/social-media-creative-management,2026-04-13
https://oarcdigital.com/malta/bugibba/real-estate/revenue-automation,2026-04-13
https://oarcdigital.com/malta/attard/restaurant/revenue-automation,2026-04-13
https://oarcdigital.com/malta/bugibba/spa-wellness/web-design,2026-04-13
https://oarcdigital.com/aeo/hospitality-360-malta,2026-04-13
https://oarcdigital.com/malta/swieqi/real-estate/web-design,2026-04-13
https://oarcdigital.com/malta/cospicua/cafe/video-production,2026-04-13
https://oarcdigital.com/malta/st-julians/igaming/ai-consulting,2026-04-13
https://oarcdigital.com/malta/swieqi/construction/ai-copywriting,2026-04-13
https://oarcdigital.com/malta/pieta/retail/social-media-creative-management,2026-04-13
https://oarcdigital.com/malta/birgu/spa-wellness/ai-copywriting,2026-04-13
https://oarcdigital.com/malta/fgura/spa-wellness/hire-ai-employees,2026-04-13
https://oarcdigital.com/malta/pembroke/hotel/web-design,2026-04-13
https://oarcdigital.com/malta/birkirkara/car-dealership/social-media-creative-management,2026-04-13
https://oarcdigital.com/malta/balzan/retail/social-media-creative-management,2026-04-13
https://oarcdigital.com/malta/fgura/bar/paid-advertising,2026-04-13
https://oarcdigital.com/malta/zabbar/gym-fitness/revenue-automation,2026-04-13
https://oarcdigital.com/malta/mellieha/gym-fitness/ai-copywriting,2026-04-13
https://oarcdigital.com/malta/mosta/real-estate/revenue-automation,2026-04-13
https://oarcdigital.com/malta/san-gwann/gym-fitness/revenue-automation,2026-04-13
https://oarcdigital.com/malta/luqa/restaurant/branding-services,2026-04-13
https://oarcdigital.com/malta/st-julians/retail/web-design,2026-04-13
https://oarcdigital.com/malta/pembroke/car-dealership/revenue-automation,2026-04-13
https://oarcdigital.com/malta/siggiewi/bar/paid-advertising,2026-04-13
https://oarcdigital.com/malta/tarxien/real-estate/paid-advertising,2026-04-12
https://oarcdigital.com/malta/pieta/gym-fitness/ai-consulting,2026-04-12
https://oarcdigital.com/malta/san-gwann/bar/paid-advertising,2026-04-12
https://oarcdigital.com/malta/birkirkara/spa-wellness/ai-copywriting,2026-04-12
https://oarcdigital.com/malta/balzan/branding-services,2026-04-12
https://oarcdigital.com/malta/pembroke/ecommerce/paid-advertising,2026-04-12
https://oarcdigital.com/malta/msida/healthcare/digital-marketing,2026-04-12
https://oarcdigital.com/malta/marsaskala/law-firm/digital-marketing,2026-04-12
https://oarcdigital.com/malta/santa-venera/gym-fitness/digital-marketing,2026-04-12
https://oarcdigital.com/malta/attard/car-dealership/paid-advertising,2026-04-12
https://oarcdigital.com/malta/swieqi/healthcare/ai-consulting,2026-04-12
https://oarcdigital.com/malta/mqabba/law-firm/revenue-automation,2026-04-12
https://oarcdigital.com/malta/gudja/healthcare/video-production,2026-04-12
https://oarcdigital.com/malta/kirkop/ecommerce/ai-copywriting,2026-04-12
https://oarcdigital.com/malta/msida/restaurant/hire-ai-employees,2026-04-12
https://oarcdigital.com/malta/zabbar/gym-fitness/paid-advertising,2026-04-12
https://oarcdigital.com/malta/san-gwann/cafe/paid-advertising,2026-04-12
https://oarcdigital.com/malta/attard/construction/branding-services,2026-04-12
https://oarcdigital.com/malta/pieta/spa-wellness/paid-advertising,2026-04-12
https://oarcdigital.com/malta/qormi/ecommerce/digital-marketing,2026-04-12
https://oarcdigital.com/malta/kalkara/igaming/hire-ai-employees,2026-04-12
https://oarcdigital.com/malta/qormi/gym-fitness/social-media-creative-management,2026-04-12
https://oarcdigital.com/malta/qormi/gym-fitness/digital-marketing,2026-04-12
https://oarcdigital.com/malta/marsa/car-dealership/branding-services,2026-04-12
https://oarcdigital.com/malta/gzira/restaurant/revenue-automation,2026-04-12
https://oarcdigital.com/malta/birgu/construction/video-production,2026-04-12
https://oarcdigital.com/malta/mellieha/real-estate/ai-copywriting,2026-04-12
https://oarcdigital.com/malta/pembroke/igaming/revenue-automation,2026-04-12
https://oarcdigital.com/malta/isla/retail/hire-ai-employees,2026-04-12
https://oarcdigital.com/malta/swieqi/healthcare/video-production,2026-04-12
https://oarcdigital.com/malta/swatar/law-firm/paid-advertising,2026-04-12
https://oarcdigital.com/malta/san-lawrenz/ecommerce/paid-advertising,2026-04-12
https://oarcdigital.com/malta/mdina/real-estate/web-design,2026-04-12
https://oarcdigital.com/malta/bormla/retail/paid-advertising,2026-04-12
https://oarcdigital.com/malta/st-julians/real-estate/revenue-automation,2026-04-12
https://oarcdigital.com/malta/floriana/construction/revenue-automation,2026-04-12
https://oarcdigital.com/malta/qormi/spa-wellness/social-media-creative-management,2026-04-12
https://oarcdigital.com/malta/birkirkara/retail/branding-services,2026-04-12
https://oarcdigital.com/malta/sliema/cafe/ai-consulting,2026-04-12
https://oarcdigital.com/malta/pieta/ecommerce/video-production,2026-04-12
https://oarcdigital.com/malta/floriana/real-estate/ai-copywriting,2026-04-12
https://oarcdigital.com/malta/valletta/car-dealership/ai-copywriting,2026-04-12
https://oarcdigital.com/malta/ghaxaq/bar/social-media-creative-management,2026-04-12
https://oarcdigital.com/malta/birkirkara/bar/video-production,2026-04-12
https://oarcdigital.com/malta/birzebbuga/car-dealership/web-design,2026-04-12
https://oarcdigital.com/malta/san-lawrenz/hotel/social-media-creative-management,2026-04-12
https://oarcdigital.com/malta/birgu/healthcare/branding-services,2026-04-12
https://oarcdigital.com/malta/xghajra/ecommerce/ai-consulting,2026-04-12
https://oarcdigital.com/malta/birgu/cafe/digital-marketing,2026-04-12
https://oarcdigital.com/malta/balzan/healthcare/digital-marketing,2026-04-12
https://oarcdigital.com/malta/zurrieq/bar/paid-advertising,2026-04-12
https://oarcdigital.com/malta/mdina/restaurant/revenue-automation,2026-04-12
https://oarcdigital.com/malta/hamrun/bar/revenue-automation,2026-04-12
https://oarcdigital.com/malta/st-julians/bar/branding-services,2026-04-12
https://oarcdigital.com/malta/tarxien/car-dealership/hire-ai-employees,2026-04-12
https://oarcdigital.com/malta/tarxien/gym-fitness/video-production,2026-04-12
https://oarcdigital.com/malta/floriana/restaurant/paid-advertising,2026-04-12
https://oarcdigital.com/malta/sliema/law-firm/web-design,2026-04-12
https://oarcdigital.com/malta/mosta/restaurant/social-media-creative-management,2026-04-12
https://oarcdigital.com/malta/birgu/healthcare/web-design,2026-04-12
https://oarcdigital.com/malta/balzan/healthcare/revenue-automation,2026-04-12
https://oarcdigital.com/malta/mellieha/car-dealership/paid-advertising,2026-04-12
https://oarcdigital.com/malta/paola/hotel/revenue-automation,2026-04-12
https://oarcdigital.com/malta/birgu/real-estate/social-media-creative-management,2026-04-12
https://oarcdigital.com/malta/swatar/ecommerce/paid-advertising,2026-04-12
https://oarcdigital.com/malta/xghajra/real-estate/video-production,2026-04-12
https://oarcdigital.com/malta/qormi/law-firm/video-production,2026-04-12
https://oarcdigital.com/malta/hamrun/real-estate/video-production,2026-04-12
https://oarcdigital.com/malta/sliema/cafe/web-design,2026-04-12
https://oarcdigital.com/malta/lija/real-estate/hire-ai-employees,2026-04-12
https://oarcdigital.com/malta/birkirkara/restaurant/hire-ai-employees,2026-04-12
https://oarcdigital.com/malta/tarxien/cafe/web-design,2026-04-12
https://oarcdigital.com/malta/st-julians/revenue-automation,2026-04-12
https://oarcdigital.com/malta/ghaxaq/igaming/social-media-creative-management,2026-04-12
https://oarcdigital.com/malta/balzan/hotel/social-media-creative-management,2026-04-12
https://oarcdigital.com/malta/qormi/restaurant/paid-advertising,2026-04-12
https://oarcdigital.com/malta/san-gwann/social-media-creative-management,2026-04-12
https://oarcdigital.com/malta/valletta/paid-advertising,2026-04-12
https://oarcdigital.com/malta/hamrun/car-dealership/web-design,2026-04-12
https://oarcdigital.com/malta/cospicua/igaming/branding-services,2026-04-12
https://oarcdigital.com/malta/birzebbuga/law-firm/social-media-creative-management,2026-04-12
https://oarcdigital.com/malta/naxxar/retail/web-design,2026-04-12
https://oarcdigital.com/malta/bormla/bar/hire-ai-employees,2026-04-12
https://oarcdigital.com/malta/santa-venera/gym-fitness/ai-copywriting,2026-04-12
https://oarcdigital.com/malta/ghaxaq/car-dealership/social-media-creative-management,2026-04-12
https://oarcdigital.com/malta/kirkop/real-estate/social-media-creative-management,2026-04-12
https://oarcdigital.com/malta/cospicua/restaurant/video-production,2026-04-12
https://oarcdigital.com/malta/attard/retail/web-design,2026-04-12
https://oarcdigital.com/malta/zurrieq/hotel/web-design,2026-04-12
https://oarcdigital.com/malta/siggiewi/law-firm/revenue-automation,2026-04-12
https://oarcdigital.com/malta/gzira/fintech/paid-advertising,2026-04-12
https://oarcdigital.com/aeo/digital-transformation-malta,2026-04-12
https://oarcdigital.com/malta/gzira/real-estate/video-production,2026-04-12
https://oarcdigital.com/malta/balzan/fintech/branding-services,2026-04-12
https://oarcdigital.com/malta/floriana/fintech/hire-ai-employees,2026-04-12
https://oarcdigital.com/malta/mosta/fintech/paid-advertising,2026-04-12
https://oarcdigital.com/malta/swieqi/social-media-creative-management,2026-04-12
https://oarcdigital.com/malta/naxxar/hotel/social-media-creative-management,2026-04-12
https://oarcdigital.com/malta/sliema/bar/paid-advertising,2026-04-12
https://oarcdigital.com/malta/tarxien/real-estate/video-production,2026-04-12
https://oarcdigital.com/malta/naxxar/bar/social-media-creative-management,2026-04-12
https://oarcdigital.com/malta/paola/cafe/ai-copywriting,2026-04-12
https://oarcdigital.com/malta/gzira/hire-ai-employees,2026-04-12
https://oarcdigital.com/malta/bormla/real-estate/social-media-creative-management,2026-04-12
https://oarcdigital.com/malta/kalkara/gym-fitness/digital-marketing,2026-04-12
https://oarcdigital.com/malta/luqa/law-firm/digital-marketing,2026-04-12
https://oarcdigital.com/malta/ghaxaq/igaming/ai-consulting,2026-04-12
https://oarcdigital.com/malta/floriana/spa-wellness/web-design,2026-04-12
https://oarcdigital.com/malta/gudja/fintech/revenue-automation,2026-04-12
https://oarcdigital.com/malta/gudja/cafe/branding-services,2026-04-12
https://oarcdigital.com/malta/san-lawrenz/ecommerce/digital-marketing,2026-04-12
https://oarcdigital.com/malta/rabat/hotel/ai-consulting,2026-04-12
https://oarcdigital.com/malta/san-gwann/hotel/branding-services,2026-04-12
https://oarcdigital.com/malta/iklin/construction/hire-ai-employees,2026-04-12
https://oarcdigital.com/malta/balzan/spa-wellness/branding-services,2026-04-12
https://oarcdigital.com/malta/siggiewi/bar/digital-marketing,2026-04-12
https://oarcdigital.com/malta/cospicua/retail/social-media-creative-management,2026-04-12
https://oarcdigital.com/malta/bugibba/retail/digital-marketing,2026-04-12
https://oarcdigital.com/malta/luqa/fintech/ai-consulting,2026-04-12
https://oarcdigital.com/malta/qormi/restaurant/ai-consulting,2026-04-12
https://oarcdigital.com/malta/mdina/gym-fitness/branding-services,2026-04-12
https://oarcdigital.com/malta/bormla/fintech/social-media-creative-management,2026-04-12
https://oarcdigital.com/malta/attard/car-dealership/revenue-automation,2026-04-12
https://oarcdigital.com/malta/gzira/branding-services,2026-04-12
https://oarcdigital.com/malta/birzebbuga/igaming/digital-marketing,2026-04-12
https://oarcdigital.com/malta/zejtun/fintech/paid-advertising,2026-04-12
https://oarcdigital.com/malta/bugibba/fintech/digital-marketing,2026-04-12
https://oarcdigital.com/malta/san-gwann/spa-wellness/web-design,2026-04-12
https://oarcdigital.com/malta/birkirkara/cafe/paid-advertising,2026-04-12
https://oarcdigital.com/malta/attard/cafe/revenue-automation,2026-04-12
https://oarcdigital.com/malta/isla/ecommerce/ai-consulting,2026-04-12
https://oarcdigital.com/malta/siggiewi/real-estate/revenue-automation,2026-04-12
https://oarcdigital.com/malta/birzebbuga/healthcare/ai-copywriting,2026-04-12
https://oarcdigital.com/malta/swieqi/ecommerce/ai-consulting,2026-04-12
https://oarcdigital.com/malta/hamrun/restaurant/digital-marketing,2026-04-12
https://oarcdigital.com/malta/balzan/spa-wellness/web-design,2026-04-12
https://oarcdigital.com/malta/mellieha/ecommerce/social-media-creative-management,2026-04-12
https://oarcdigital.com/malta/pembroke/ecommerce/web-design,2026-04-12
https://oarcdigital.com/malta/attard/retail/paid-advertising,2026-04-12
https://oarcdigital.com/malta/zejtun/fintech/ai-copywriting,2026-04-12
https://oarcdigital.com/malta/mellieha/construction/revenue-automation,2026-04-12
https://oarcdigital.com/malta/st-julians/cafe/hire-ai-employees,2026-04-12
https://oarcdigital.com/malta/fgura/construction/social-media-creative-management,2026-04-12
https://oarcdigital.com/malta/mqabba/restaurant/branding-services,2026-04-12
https://oarcdigital.com/malta/floriana/law-firm/video-production,2026-04-12
https://oarcdigital.com/malta/san-gwann/retail/ai-copywriting,2026-04-12
https://oarcdigital.com/malta/balzan/hotel/ai-consulting,2026-04-12
https://oarcdigital.com/malta/ghaxaq/real-estate/hire-ai-employees,2026-04-12
https://oarcdigital.com/malta/xghajra/cafe/hire-ai-employees,2026-04-12
https://oarcdigital.com/malta/san-pawl-il-bahar/real-estate/hire-ai-employees,2026-04-12
https://oarcdigital.com/malta/isla/real-estate/hire-ai-employees,2026-04-12
https://oarcdigital.com/malta/zabbar/law-firm/revenue-automation,2026-04-12
https://oarcdigital.com/malta/mqabba/hotel/social-media-creative-management,2026-04-12
https://oarcdigital.com/malta/hamrun/car-dealership/social-media-creative-management,2026-04-12
https://oarcdigital.com/malta/tarxien/igaming/social-media-creative-management,2026-04-12
https://oarcdigital.com/malta/birzebbuga/gym-fitness/video-production,2026-04-12
https://oarcdigital.com/malta/rabat/revenue-automation,2026-04-12
https://oarcdigital.com/malta/fgura/web-design,2026-04-12
https://oarcdigital.com/malta/gzira/social-media-creative-management,2026-04-12
https://oarcdigital.com/malta/qormi/spa-wellness/branding-services,2026-04-12
https://oarcdigital.com/malta/tarxien/gym-fitness/web-design,2026-04-12
https://oarcdigital.com/malta/naxxar/hotel/paid-advertising,2026-04-12
https://oarcdigital.com/malta/mosta/real-estate/branding-services,2026-04-12
https://oarcdigital.com/malta/marsa/construction/ai-copywriting,2026-04-12
https://oarcdigital.com/malta/fgura/retail/social-media-creative-management,2026-04-12
https://oarcdigital.com/malta/mdina/healthcare/ai-consulting,2026-04-12
https://oarcdigital.com/malta/pembroke/igaming/branding-services,2026-04-12
https://oarcdigital.com/malta/santa-venera/law-firm/paid-advertising,2026-04-12
https://oarcdigital.com/malta/san-lawrenz/construction/social-media-creative-management,2026-04-12
https://oarcdigital.com/malta/st-julians/law-firm/hire-ai-employees,2026-04-12
https://oarcdigital.com/malta/birgu/real-estate/video-production,2026-04-12
https://oarcdigital.com/malta/birzebbuga/restaurant/ai-consulting,2026-04-12
https://oarcdigital.com/malta/pieta/igaming/social-media-creative-management,2026-04-12
https://oarcdigital.com/malta/xghajra/bar/ai-copywriting,2026-04-12
https://oarcdigital.com/malta/fgura/real-estate/social-media-creative-management,2026-04-12
https://oarcdigital.com/malta/san-pawl-il-bahar/law-firm/digital-marketing,2026-04-12
https://oarcdigital.com/malta/zurrieq/real-estate/web-design,2026-04-12
https://oarcdigital.com/malta/msida/ecommerce/ai-copywriting,2026-04-12
https://oarcdigital.com/malta/gzira/car-dealership/revenue-automation,2026-04-12
https://oarcdigital.com/malta/swieqi/cafe/ai-copywriting,2026-04-12
https://oarcdigital.com/malta/msida/cafe/paid-advertising,2026-04-12
https://oarcdigital.com/malta/naxxar/cafe/revenue-automation,2026-04-12
https://oarcdigital.com/malta/st-julians/retail/branding-services,2026-04-12
https://oarcdigital.com/malta/msida/gym-fitness/branding-services,2026-04-12
https://oarcdigital.com/malta/zabbar/hotel/digital-marketing,2026-04-12
https://oarcdigital.com/malta/qormi/gym-fitness/web-design,2026-04-12
https://oarcdigital.com/malta/san-gwann/gym-fitness/ai-consulting,2026-04-12
https://oarcdigital.com/malta/valletta/healthcare/paid-advertising,2026-04-12
https://oarcdigital.com/malta/kalkara/cafe/web-design,2026-04-12
https://oarcdigital.com/malta/pembroke/bar/video-production,2026-04-12
https://oarcdigital.com/malta/marsaxlokk/car-dealership/branding-services,2026-04-12
https://oarcdigital.com/malta/santa-venera/real-estate/ai-consulting,2026-04-12
https://oarcdigital.com/malta/san-lawrenz/real-estate/branding-services,2026-04-12
https://oarcdigital.com/malta/hamrun/law-firm/digital-marketing,2026-04-12
https://oarcdigital.com/malta/mqabba/car-dealership/ai-copywriting,2026-04-12
https://oarcdigital.com/malta/isla/restaurant/video-production,2026-04-12
https://oarcdigital.com/malta/lija/law-firm/web-design,2026-04-12
https://oarcdigital.com/malta/pembroke/fintech/hire-ai-employees,2026-04-12
https://oarcdigital.com/malta/kirkop/car-dealership/web-design,2026-04-12
https://oarcdigital.com/malta/xghajra/spa-wellness/paid-advertising,2026-04-12
https://oarcdigital.com/malta/lija/igaming/digital-marketing,2026-04-12
https://oarcdigital.com/malta/st-julians/restaurant/social-media-creative-management,2026-04-12
https://oarcdigital.com/malta/floriana/healthcare/digital-marketing,2026-04-12
https://oarcdigital.com/malta/marsa/hotel/revenue-automation,2026-04-12
https://oarcdigital.com/malta/birzebbuga/gym-fitness/paid-advertising,2026-04-12
https://oarcdigital.com/malta/mdina/cafe/social-media-creative-management,2026-04-12
https://oarcdigital.com/malta/attard/construction/digital-marketing,2026-04-12
https://oarcdigital.com/aeo/hospitality-360-system,2026-04-12
https://oarcdigital.com/malta/msida/restaurant/paid-advertising,2026-04-12
https://oarcdigital.com/malta/qormi/cafe/revenue-automation,2026-04-12
https://oarcdigital.com/malta/pieta/construction/video-production,2026-04-12
https://oarcdigital.com/malta/mosta/fintech/video-production,2026-04-12
https://oarcdigital.com/malta/tarxien/restaurant/branding-services,2026-04-12
https://oarcdigital.com/malta/isla/gym-fitness/web-design,2026-04-12
https://oarcdigital.com/malta/mdina/gym-fitness/hire-ai-employees,2026-04-12
https://oarcdigital.com/malta/san-gwann/law-firm/revenue-automation,2026-04-12
https://oarcdigital.com/malta/birkirkara/gym-fitness/hire-ai-employees,2026-04-12
https://oarcdigital.com/aeo/ai-agents-business-malta,2026-04-12
https://oarcdigital.com/malta/pieta/law-firm/branding-services,2026-04-12
https://oarcdigital.com/malta/msida/ecommerce/web-design,2026-04-12
https://oarcdigital.com/malta/isla/cafe/video-production,2026-04-12
https://oarcdigital.com/malta/zejtun/restaurant/web-design,2026-04-12
https://oarcdigital.com/malta/st-julians/law-firm/video-production,2026-04-12
https://oarcdigital.com/malta/isla/car-dealership/web-design,2026-04-12
https://oarcdigital.com/malta/swieqi/spa-wellness/ai-consulting,2026-04-12
https://oarcdigital.com/malta/birkirkara/hotel/branding-services,2026-04-12
https://oarcdigital.com/malta/bormla/real-estate/video-production,2026-04-12
https://oarcdigital.com/malta/gudja/healthcare/digital-marketing,2026-04-12
https://oarcdigital.com/malta/mqabba/construction/video-production,2026-04-12
https://oarcdigital.com/malta/zabbar/hotel/hire-ai-employees,2026-04-12
https://oarcdigital.com/malta/isla/cafe/social-media-creative-management,2026-04-12
https://oarcdigital.com/malta/cospicua/retail/ai-copywriting,2026-04-12
https://oarcdigital.com/malta/gzira/igaming/social-media-creative-management,2026-04-12
https://oarcdigital.com/malta/mdina/fintech/paid-advertising,2026-04-12
https://oarcdigital.com/malta/birkirkara/car-dealership/video-production,2026-04-12
https://oarcdigital.com/malta/san-gwann/spa-wellness/ai-consulting,2026-04-12
https://oarcdigital.com/malta/msida/spa-wellness/hire-ai-employees,2026-04-12
https://oarcdigital.com/malta/st-julians/fintech/revenue-automation,2026-04-12
https://oarcdigital.com/malta/balzan/construction/ai-copywriting,2026-04-12
https://oarcdigital.com/malta/birkirkara/cafe/digital-marketing,2026-04-12
https://oarcdigital.com/malta/lija/ecommerce/hire-ai-employees,2026-04-12
https://oarcdigital.com/malta/naxxar/restaurant/ai-copywriting,2026-04-12
https://oarcdigital.com/malta/mellieha/igaming/web-design,2026-04-12
https://oarcdigital.com/malta/bormla/law-firm/revenue-automation,2026-04-12
https://oarcdigital.com/malta/balzan/igaming/ai-copywriting,2026-04-12
https://oarcdigital.com/malta/kalkara/restaurant/hire-ai-employees,2026-04-12
https://oarcdigital.com/aeo/software-development-malta,2026-04-12
https://oarcdigital.com/malta/mellieha/fintech/social-media-creative-management,2026-04-12
https://oarcdigital.com/aeo/marketing-automation-malta,2026-04-12
https://oarcdigital.com/aeo/pos-systems-malta,2026-04-12
https://oarcdigital.com/malta/birgu/law-firm/revenue-automation,2026-04-12
https://oarcdigital.com/aeo/ecommerce-malta,2026-04-12
https://oarcdigital.com/aeo/website-development-malta,2026-04-12
https://oarcdigital.com/aeo/app-development-malta,2026-04-12
https://oarcdigital.com/aeo/crm-automation-malta,2026-04-12
https://oarcdigital.com/malta/tarxien/construction/video-production,2026-04-12
https://oarcdigital.com/malta/rabat/igaming/web-design,2026-04-12
https://oarcdigital.com/malta/swieqi/cafe/video-production,2026-04-12
https://oarcdigital.com/malta/bugibba/retail/ai-copywriting,2026-04-12
https://oarcdigital.com/malta/zurrieq/fintech/revenue-automation,2026-04-12
https://oarcdigital.com/malta/zabbar/igaming/paid-advertising,2026-04-12
https://oarcdigital.com/malta/xghajra/spa-wellness/social-media-creative-management,2026-04-12
https://oarcdigital.com/malta/xghajra/car-dealership/hire-ai-employees,2026-04-12
https://oarcdigital.com/malta/marsa/construction/digital-marketing,2026-04-12
https://oarcdigital.com/malta/swieqi/hotel/social-media-creative-management,2026-04-12
https://oarcdigital.com/aeo/tiktok-marketing-malta,2026-04-12
https://oarcdigital.com/aeo/best-marketing-agency-malta,2026-04-12
https://oarcdigital.com/aeo/digital-marketing-agency-malta,2026-04-12
https://oarcdigital.com/malta/gzira/bar/paid-advertising,2026-04-12
https://oarcdigital.com/malta/bugibba/healthcare/revenue-automation,2026-04-12
https://oarcdigital.com/malta/ghaxaq/retail/ai-consulting,2026-04-12
https://oarcdigital.com/malta/pieta/car-dealership/video-production,2026-04-12
https://oarcdigital.com/blog/social-media-management-cost-malta,2026-04-12
https://oarcdigital.com/malta/valletta/gym-fitness/social-media-creative-management,2026-04-12
https://oarcdigital.com/malta/santa-venera/restaurant/ai-copywriting,2026-04-12
https://oarcdigital.com/malta/san-gwann/hotel/hire-ai-employees,2026-04-12
https://oarcdigital.com/malta/siggiewi/gym-fitness/paid-advertising,2026-04-12
https://oarcdigital.com/malta/naxxar/car-dealership/hire-ai-employees,2026-04-12
https://oarcdigital.com/malta/swatar/ecommerce/social-media-creative-management,2026-04-12
https://oarcdigital.com/malta/isla/spa-wellness/ai-copywriting,2026-04-12
https://oarcdigital.com/malta/lija/bar/hire-ai-employees,2026-04-12
https://oarcdigital.com/malta/hamrun/video-production,2026-04-12
https://oarcdigital.com/malta/santa-venera/ecommerce/web-design,2026-04-12
https://oarcdigital.com/malta/gzira/cafe/revenue-automation,2026-04-12
https://oarcdigital.com/malta/siggiewi/bar/hire-ai-employees,2026-04-12
https://oarcdigital.com/malta/fgura/law-firm/digital-marketing,2026-04-12
https://oarcdigital.com/malta/naxxar/gym-fitness/web-design,2026-04-12
https://oarcdigital.com/malta/zurrieq/spa-wellness/ai-copywriting,2026-04-12
https://oarcdigital.com/malta/tarxien/hotel/ai-copywriting,2026-04-12
https://oarcdigital.com/malta/santa-venera/car-dealership/branding-services,2026-04-12
https://oarcdigital.com/malta/swieqi/spa-wellness/web-design,2026-04-12
https://oarcdigital.com/malta/siggiewi/healthcare/revenue-automation,2026-04-12
https://oarcdigital.com/malta/valletta/car-dealership/social-media-creative-management,2026-04-12
https://oarcdigital.com/malta/swatar/car-dealership/web-design,2026-04-12
https://oarcdigital.com/malta/fgura/gym-fitness/hire-ai-employees,2026-04-12
https://oarcdigital.com/malta/sliema/hotel/ai-copywriting,2026-04-12
https://oarcdigital.com/malta/tarxien/cafe/social-media-creative-management,2026-04-12
https://oarcdigital.com/malta/pembroke/healthcare/ai-copywriting,2026-04-12
https://oarcdigital.com/malta/siggiewi/retail/ai-copywriting,2026-04-12
https://oarcdigital.com/malta/mdina/retail/digital-marketing,2026-04-12
https://oarcdigital.com/malta/xghajra/retail/revenue-automation,2026-04-12
https://oarcdigital.com/malta/paola/bar/digital-marketing,2026-04-12
https://oarcdigital.com/malta/bugibba/law-firm/video-production,2026-04-12
https://oarcdigital.com/malta/zabbar/real-estate/digital-marketing,2026-04-12
https://oarcdigital.com/malta/marsa/car-dealership/ai-copywriting,2026-04-12
https://oarcdigital.com/malta/msida/ecommerce/ai-consulting,2026-04-12
https://oarcdigital.com/malta/birgu/restaurant/hire-ai-employees,2026-04-12
https://oarcdigital.com/malta/marsa/bar/ai-consulting,2026-04-12
https://oarcdigital.com/malta/st-julians/fintech/branding-services,2026-04-12
https://oarcdigital.com/malta/qormi/hotel/video-production,2026-04-12
https://oarcdigital.com/malta/siggiewi/construction/digital-marketing,2026-04-12
https://oarcdigital.com/malta/san-pawl-il-bahar/healthcare/branding-services,2026-04-12
https://oarcdigital.com/malta/tarxien/ecommerce/web-design,2026-04-12
https://oarcdigital.com/malta/rabat/igaming/hire-ai-employees,2026-04-12
https://oarcdigital.com/malta/balzan/spa-wellness/ai-consulting,2026-04-12
https://oarcdigital.com/malta/kirkop/retail/web-design,2026-04-12
https://oarcdigital.com/malta/bormla/real-estate/paid-advertising,2026-04-12
https://oarcdigital.com/malta/birzebbuga/law-firm/ai-copywriting,2026-04-12
https://oarcdigital.com/malta/fgura/law-firm/ai-consulting,2026-04-12
https://oarcdigital.com/malta/swatar/igaming/web-design,2026-04-12
https://oarcdigital.com/malta/swatar/real-estate/revenue-automation,2026-04-12
https://oarcdigital.com/malta/naxxar/cafe/web-design,2026-04-12
https://oarcdigital.com/malta/bormla/retail/branding-services,2026-04-12
https://oarcdigital.com/malta/mdina/healthcare/social-media-creative-management,2026-04-12
https://oarcdigital.com/malta/zabbar/construction/web-design,2026-04-12
https://oarcdigital.com/malta/balzan/cafe/ai-consulting,2026-04-12
https://oarcdigital.com/malta/mosta/construction/digital-marketing,2026-04-12
https://oarcdigital.com/malta/iklin/cafe/revenue-automation,2026-04-12
https://oarcdigital.com/malta/mqabba/gym-fitness/paid-advertising,2026-04-12
https://oarcdigital.com/malta/msida/spa-wellness/video-production,2026-04-12
https://oarcdigital.com/malta/marsaxlokk/retail/digital-marketing,2026-04-12
https://oarcdigital.com/malta/gzira/video-production,2026-04-12
https://oarcdigital.com/malta/fgura/bar/ai-consulting,2026-04-12
https://oarcdigital.com/malta/zejtun/web-design,2026-04-12
https://oarcdigital.com/malta/san-gwann/ai-copywriting,2026-04-12
https://oarcdigital.com/malta/birgu/video-production,2026-04-12
https://oarcdigital.com/malta/zejtun/paid-advertising,2026-04-12
https://oarcdigital.com/malta/cospicua/real-estate/web-design,2026-04-12
https://oarcdigital.com/malta/qormi/ecommerce/video-production,2026-04-12
https://oarcdigital.com/malta/pieta/law-firm/revenue-automation,2026-04-12
https://oarcdigital.com/malta/mosta/hotel/ai-copywriting,2026-04-12
https://oarcdigital.com/malta/cospicua/gym-fitness/branding-services,2026-04-12
https://oarcdigital.com/malta/marsaskala/gym-fitness/video-production,2026-04-12
https://oarcdigital.com/malta/st-julians/healthcare/revenue-automation,2026-04-12
https://oarcdigital.com/malta/san-pawl-il-bahar/real-estate/revenue-automation,2026-04-12
https://oarcdigital.com/malta/gudja/gym-fitness/paid-advertising,2026-04-12
https://oarcdigital.com/malta/iklin/restaurant/revenue-automation,2026-04-12
https://oarcdigital.com/malta/luqa/ecommerce/revenue-automation,2026-04-12
https://oarcdigital.com/malta/zurrieq/car-dealership/video-production,2026-04-12
https://oarcdigital.com/malta/birzebbuga/healthcare/social-media-creative-management,2026-04-12
https://oarcdigital.com/malta/balzan/fintech/web-design,2026-04-12